source.label,sample,description,tissue,include,species,GSE.accession,GSM.accession,GEO.format,SRR.accession,SAMN.accession,wget_link,other.accession,source,manuscript.pubmed,chemistry
Giordani 2019,Uninjured_WT_1,,muscle,T,Mus musculus,GSE110878,GSM3520458,fastq,SRR8352705,SAMN10614781,,,"Giordani et al, Molc Cell, 2019",https://pubmed.ncbi.nlm.nih.gov/30922843/,
Giordani 2019,Uninjured_WT_2,,muscle,T,Mus musculus,GSE110878,GSM3520459,fastq,SRR8352706,SAMN10614780,,,"Giordani et al, Molc Cell, 2019",https://pubmed.ncbi.nlm.nih.gov/30922843/,
Dell'Orso 2019,total_muscle_wt_rep1,total muscle,muscle,T,Mus musculus,GSE126834,GSM3614992,fastq,SRR8602275,SAMN10977231,,,"Dell'Orso et al, Development, 2019",https://pubmed.ncbi.nlm.nih.gov/30890574/,
Dell'Orso 2019,total_muscle_wt_rep2,total muscle,muscle,T,Mus musculus,GSE126834,GSM3614993,fastq,SRR8602276,SAMN10977225,,,"Dell'Orso et al, Development, 2019",https://pubmed.ncbi.nlm.nih.gov/30890574/,
Dell'Orso 2019,homeostatic_MuSCs_rep1,FACS Isolated Muscle satellite cells,muscle,T,Mus musculus,GSE126834,GSM3614994,fastq,SRR8602277,SAMN10977221,,,"Dell'Orso et al, Development, 2019",https://pubmed.ncbi.nlm.nih.gov/30890574/,
Dell'Orso 2019,homeostatic_MuSCs_rep2,FACS Isolated Muscle satellite cells,muscle,T,Mus musculus,GSE126834,GSM3614995,fastq,SRR8602278,SAMN10977220,,,"Dell'Orso et al, Development, 2019",https://pubmed.ncbi.nlm.nih.gov/30890574/,
Dell'Orso 2019,inj_60h_MuSCs_rep1,Post injury (60h) FACS Isolated Muscle satellite cells,muscle,T,Mus musculus,GSE126834,GSM3614996,fastq,SRR8602279,SAMN10977218,,,"Dell'Orso et al, Development, 2019",https://pubmed.ncbi.nlm.nih.gov/30890574/,
Dell'Orso 2019,inj_60h_MuSCs_rep2,Post injury (60h) FACS Isolated Muscle satellite cells,muscle,T,Mus musculus,GSE126834,GSM3614997,fastq,SRR8602280,SAMN10977217,,,"Dell'Orso et al, Development, 2019",https://pubmed.ncbi.nlm.nih.gov/30890574/,
Dell'Orso 2019,Primary_MB,FACS Isolated Muscle satellite cells cultured for 4-5 passages on collagen coated plates,muscle,F,Mus musculus,GSE126834,GSM3614998,fastq,SRR8602281,SAMN10977216,,,"Dell'Orso et al, Development, 2019",https://pubmed.ncbi.nlm.nih.gov/30890574/,
Tabula Muris 2018,10X_P7_14,,muscle,T,Mus musculus,,GSM3040912,bam,SRR6835866,,ftp://ftp.sra.ebi.ac.uk/vol1/SRA653/SRA653146/bam/10X_P7_14.bam,,"Tabula Muris, Nature, 2018",,
Tabula Muris 2018,10X_P7_15,,muscle,T,Mus musculus,,GSM3040913,bam,SRR6835867,,ftp://ftp.sra.ebi.ac.uk/vol1/SRA653/SRA653146/bam/10X_P7_15.bam,,"Tabula Muris, Nature, 2018",,
De Micheli 2020a,D0_A,,muscle,T,Mus musculus,GSE143437,GSM4259473,fastq,SRR10870296,,,,"De Micheli et al, Cell Reports, 2020",,
De Micheli 2020a,D0_B,,muscle,T,Mus musculus,GSE143437,GSM4259474,fastq,SRR10870297,,,,"De Micheli et al, Cell Reports, 2020",,
De Micheli 2020a,D0_Cv3,,muscle,F,Mus musculus,GSE143437,GSM4259475,fastq,SRR10870298,,,,"De Micheli et al, unpublished",,
De Micheli 2020a,D2_C,,muscle,T,Mus musculus,GSE143437,GSM4259476,fastq,SRR10870299,,,,"De Micheli et al, Cell Reports, 2020",,
De Micheli 2020a,D2_D,,muscle,T,Mus musculus,GSE143437,GSM4259477,fastq,SRR10870300,,,,"De Micheli et al, Cell Reports, 2020",,
De Micheli 2020b,D2_Ev3,,muscle,T,Mus musculus,GSE159500,GSM4831162,fastq,SRR12820638,,,,"De Micheli et al, unpublished",,
De Micheli 2020a,D5_A,,muscle,T,Mus musculus,GSE143437,GSM4259478,fastq,SRR10870301,,,,"De Micheli et al, Cell Reports, 2020",,
De Micheli 2020a,D5_B,,muscle,T,Mus musculus,GSE143437,GSM4259479,fastq,SRR10870302,,,,"De Micheli et al, Cell Reports, 2020",,
De Micheli 2020a,D5_C,,muscle,T,Mus musculus,GSE143437,GSM4259480,fastq,SRR10870303,,,,"De Micheli et al, Cell Reports, 2020",,
De Micheli 2020a,D7_C,,muscle,T,Mus musculus,GSE143437,GSM4259481,fastq,SRR10870304,,,,"De Micheli et al, Cell Reports, 2020",,
De Micheli 2020a,D7_D,,muscle,T,Mus musculus,GSE143437,GSM4259482,fastq,SRR10870305,,,,"De Micheli et al, Cell Reports, 2020",,
De Micheli 2020b,D7_Ev3,,muscle,T,Mus musculus,GSE159500,GSM4831163,fastq,SRR12820639,,,,"De Micheli et al, unpublished",,
De Micheli 2020a,D0_FACS_01,,muscle,T,Mus musculus,GSE143435,D0_FACS_01,fastq,SRR10870267,,,,"De Micheli et al, Cell Reports, 2020",,
De Micheli 2020a,D0_FACS_02,,muscle,T,Mus musculus,GSE143435,D0_FACS_02,fastq,SRR10870268,,,,"De Micheli et al, Cell Reports, 2020",,
De Micheli 2020a,D2_FACS,,muscle,T,Mus musculus,GSE143435,D2_FACS,fastq,SRR10870269,,,,"De Micheli et al, Cell Reports, 2020",,
De Micheli 2020a,D5_FACS,,muscle,T,Mus musculus,GSE143435,D5_FACS,fastq,SRR10870270,,,,"De Micheli et al, Cell Reports, 2020",,
De Micheli 2020a,D7_FACS,,muscle,T,Mus musculus,GSE143435,D7_FACS,fastq,SRR10870271,,,,"De Micheli et al, Cell Reports, 2020",,
McKellar/Walter 2020,Old_D0_A,,muscle,T,Mus musculus,GSE162172,GSM4944170,fastq,SRR13143337,,,,"McKellar/Walter et al, Communications Biology, 2021",,
McKellar/Walter 2020,Old_D0_B,,muscle,T,Mus musculus,GSE162172,GSM4944171,fastq,SRR13143338,,,,"McKellar/Walter et al, Communications Biology, 2021",,
McKellar/Walter 2020,Old_D0_C,,muscle,T,Mus musculus,GSE162172,GSM4944172,fastq,SRR13143339,,,,"McKellar/Walter et al, Communications Biology, 2021",,
McKellar/Walter 2020,Old_D0_D,,muscle,T,Mus musculus,GSE162172,GSM4944173,fastq,SRR13143340,,,,"McKellar/Walter et al, Communications Biology, 2021",,
McKellar/Walter 2020,Old_D1_A,,muscle,T,Mus musculus,GSE162172,GSM4944174,fastq,SRR13143341,,,,"McKellar/Walter et al, Communications Biology, 2021",,
McKellar/Walter 2020,Old_D1_B,,muscle,T,Mus musculus,GSE162172,GSM4944175,fastq,SRR13143342,,,,"McKellar/Walter et al, Communications Biology, 2021",,
McKellar/Walter 2020,Old_D2_A,,muscle,T,Mus musculus,GSE162172,GSM4944176,fastq,SRR13143343,,,,"McKellar/Walter et al, Communications Biology, 2021",,
McKellar/Walter 2020,Old_D2_B,,muscle,T,Mus musculus,GSE162172,GSM4944177,fastq,SRR13143344,,,,"McKellar/Walter et al, Communications Biology, 2021",,
McKellar/Walter 2020,Old_D2_C,,muscle,T,Mus musculus,GSE162172,GSM4944178,fastq,SRR13143345,,,,"McKellar/Walter et al, Communications Biology, 2021",,
McKellar/Walter 2020,Old_D3_5_A,,muscle,T,Mus musculus,GSE162172,GSM4944179,fastq,SRR13143346,,,,"McKellar/Walter et al, Communications Biology, 2021",,
McKellar/Walter 2020,Old_D3_5_B,,muscle,T,Mus musculus,GSE162172,GSM4944180,fastq,SRR13143347,,,,"McKellar/Walter et al, Communications Biology, 2021",,
McKellar/Walter 2020,Old_D5_A,,muscle,T,Mus musculus,GSE162172,GSM4944181,fastq,SRR13143348,,,,"McKellar/Walter et al, Communications Biology, 2021",,
McKellar/Walter 2020,Old_D5_B,,muscle,T,Mus musculus,GSE162172,GSM4944182,fastq,SRR13143349,,,,"McKellar/Walter et al, Communications Biology, 2021",,
McKellar/Walter 2020,Old_D5_C,,muscle,T,Mus musculus,GSE162172,GSM4944183,fastq,SRR13143350,,,,"McKellar/Walter et al, Communications Biology, 2021",,
McKellar/Walter 2020,Old_D7_A,,muscle,T,Mus musculus,GSE162172,GSM4944184,fastq,SRR13143351,,,,"McKellar/Walter et al, Communications Biology, 2021",,
McKellar/Walter 2020,Old_D7_B,,muscle,T,Mus musculus,GSE162172,GSM4944185,fastq,SRR13143352,,,,"McKellar/Walter et al, Communications Biology, 2021",,
McKellar/Walter 2020,Old_D7_C,,muscle,T,Mus musculus,GSE162172,GSM4944186,fastq,SRR13143353,,,,"McKellar/Walter et al, Communications Biology, 2021",,
McKellar/Walter 2020,Old_D1_C,,muscle,T,Mus musculus,GSE162172,GSM4944187,fastq,SRR13143354,,,,"McKellar/Walter et al, Communications Biology, 2021",,
McKellar/Walter 2020,Old_D1_D,,muscle,T,Mus musculus,GSE162172,GSM4944188,fastq,SRR13143355,,,,"McKellar/Walter et al, Communications Biology, 2021",,
McKellar/Walter 2020,Old_D3_5_C,,muscle,T,Mus musculus,GSE162172,GSM4944189,fastq,SRR13143356,,,,"McKellar/Walter et al, Communications Biology, 2021",,
McKellar/Walter 2020,Old_D3_5_D,,muscle,T,Mus musculus,GSE162172,GSM4944190,fastq,SRR13143357,,,,"McKellar/Walter et al, Communications Biology, 2021",,
Tabula Muris Senis 2020,MACA_18m_F_MUSCLE_50,,muscle,T,Mus musculus,,,,,,,#TODO,"Tabula Muris Senis, Nature, 2020",,
Tabula Muris Senis 2020,MACA_18m_F_MUSCLE_51,,muscle,T,Mus musculus,,,,,,,#TODO,"Tabula Muris Senis, Nature, 2020",,
Tabula Muris Senis 2020,MACA_18m_M_MUSCLE_52,,muscle,T,Mus musculus,,,,,,,#TODO,"Tabula Muris Senis, Nature, 2020",,
Tabula Muris Senis 2020,MACA_18m_M_MUSCLE_53,,muscle,T,Mus musculus,,,,,,,#TODO,"Tabula Muris Senis, Nature, 2020",,
Tabula Muris Senis 2020,MACA_21m_F_MUSCLE_54,,muscle,T,Mus musculus,,,,,,,#TODO,"Tabula Muris Senis, Nature, 2020",,
Tabula Muris Senis 2020,MACA_21m_F_MUSCLE_55,,muscle,T,Mus musculus,,,,,,,#TODO,"Tabula Muris Senis, Nature, 2020",,
Tabula Muris Senis 2020,MACA_24m_M_MUSCLE_58,,muscle,T,Mus musculus,,,,,,,#TODO,"Tabula Muris Senis, Nature, 2020",,
Tabula Muris Senis 2020,MACA_24m_M_MUSCLE_59,,muscle,T,Mus musculus,,,,,,,#TODO,"Tabula Muris Senis, Nature, 2020",,
Tabula Muris Senis 2020,MACA_24m_M_MUSCLE_60,,muscle,T,Mus musculus,,,,,,,#TODO,"Tabula Muris Senis, Nature, 2020",,
Tabula Muris Senis 2020,MACA_24m_M_MUSCLE_61,,muscle,T,Mus musculus,,,,,,,#TODO,"Tabula Muris Senis, Nature, 2020",,
Li 2019,Pax7Hi,,muscle,T,Mus musculus,,GSM3955372,fastq,SRR9715805; SRR9715806; SRR9715807; SRR9715808,,,,"Li et al, The EMBO Journal, 2019",,
Li 2019,Pax7Mi,,muscle,T,Mus musculus,,GSM3955373,fastq,SRR9715810; SRR9715811; SRR9715812; SRR9715813; SRR9715814; SRR9715815; SRR9715816,,,,"Li et al, The EMBO Journal, 2019",,
Li 2019,Pax7Lo,,muscle,T,Mus musculus,,GSM3955374,fastq,SRR9715817; SRR9715818; SRR9715819; SRR9715820; SRR9715821; SRR9715822; SRR9715823; SRR9715824,,,,"Li et al, The EMBO Journal, 2019",,
Jin 2018,N_plus_CTX_rep1,4 days post-CTX; not infected; 7AAD-CD45+CD64+MerTK+,muscle,T,Mus musculus,GSE113111,GSM3097061,bam,SRR6998056,SAMN08928280,ftp://ftp.sra.ebi.ac.uk/vol1/SRA688/SRA688834/bam/N_plus_CTX_rep1_possorted_genome_bam.bam,,"Jin et al, JCI Insights, 2018",https://pubmed.ncbi.nlm.nih.gov/30232283/,
Jin 2018,N_plus_CTX_rep2,4 days post-CTX; not infected; 7AAD-CD45+CD64+MerTK+,muscle,T,Mus musculus,GSE113111,GSM3097062,bam,SRR6998057,SAMN08928279,ftp://ftp.sra.ebi.ac.uk/vol1/SRA688/SRA688834/bam/N_plus_CTX_rep2_possorted_genome_bam.bam,,"Jin et al, JCI Insights, 2018",https://pubmed.ncbi.nlm.nih.gov/30232283/,
Jin 2018,Inf_rep1,No CTX; T. gondii infected; 7AAD-CD45+CD64+MerTK+,muscle,,Mus musculus,GSE113111,GSM3097063,bam,SRR6998058,SAMN08928278,,,"Jin et al, JCI Insights, 2018",https://pubmed.ncbi.nlm.nih.gov/30232283/,
Jin 2018,Inf_rep2,No CTX; T. gondii infected; 7AAD-CD45+CD64+MerTK+,muscle,,Mus musculus,GSE113111,GSM3097064,bam,SRR6998059,SAMN08928283,,,"Jin et al, JCI Insights, 2018",https://pubmed.ncbi.nlm.nih.gov/30232283/,
Jin 2018,Inf_plus_CTX_rep1,4 days post-CTX; T. gondii infected; 7AAD-CD45+CD64+MerTK+,muscle,,Mus musculus,GSE113111,GSM3097065,bam,SRR6998060,SAMN08928282,,,"Jin et al, JCI Insights, 2018",https://pubmed.ncbi.nlm.nih.gov/30232283/,
Jin 2018,Inf_plus_CTX_rep2,4 days post-CTX; T. gondii infected; 7AAD-CD45+CD64+MerTK+,muscle,,Mus musculus,GSE113111,GSM3097066,bam,SRR6998061,SAMN08928281,,,"Jin et al, JCI Insights, 2018",https://pubmed.ncbi.nlm.nih.gov/30232283/,
Rubenstein 2020,Rubenstein_quads,,muscle,T,Mus musculus,GSE138707,GSM4116571,fastq,SRR10257731,,,,"Rubenstein et al, Sci Rep, 2020",https://pubmed.ncbi.nlm.nih.gov/31937892/,
Rubenstein 2020,Rubenstein_diaph,,muscle,T,Mus musculus,GSE138707,GSM4116572,fastq,SRR10257732,,,,"Rubenstein et al, Sci Rep, 2020",https://pubmed.ncbi.nlm.nih.gov/31937892/,
Rubenstein 2020,Muscle_1,,muscle,,Homo sapiens,GSE130646,GSM3746212,fastq,SRR9018531; SRR9018532,SAMN11567249,,,"Rubenstein et al, Sci Rep, 2021",https://pubmed.ncbi.nlm.nih.gov/31937892/,
Rubenstein 2020,Muscle_2,,muscle,,Homo sapiens,GSE130646,GSM3746213,fastq,SRR9018533; SRR9018534,SAMN11567248,,,"Rubenstein et al, Sci Rep, 2022",https://pubmed.ncbi.nlm.nih.gov/31937892/,
Rubenstein 2020,Muscle_3,,muscle,,Homo sapiens,GSE130646,GSM3746214,fastq,SRR9018527; SRR9018528,SAMN11567247,,,"Rubenstein et al, Sci Rep, 2023",https://pubmed.ncbi.nlm.nih.gov/31937892/,
Rubenstein 2020,Muscle_4,,muscle,,Homo sapiens,GSE130646,GSM3746215,fastq,SRR9018529; SRR9018530,SAMN11567246,,,"Rubenstein et al, Sci Rep, 2024",https://pubmed.ncbi.nlm.nih.gov/31937892/,
Kimmel 2020,Y1_LRC_Q,,muscle,T,Mus musculus,GSE143476,GSM4260192,fastq,SRR10874104; SRR10874105,SAMN13830212,,,"Kimmel et al, Development, 2020",https://pubmed.ncbi.nlm.nih.gov/32198156/,
Kimmel 2020,Y1_LRC_A,,muscle,T,Mus musculus,GSE143476,GSM4260193,fastq,SRR10874106; SRR10874107,SAMN13830211,,,"Kimmel et al, Development, 2020",https://pubmed.ncbi.nlm.nih.gov/32198156/,
Kimmel 2020,Y2_LRC_Q,,muscle,T,Mus musculus,GSE143476,GSM4260194,fastq,SRR10874108; SRR10874109,SAMN13830210,,,"Kimmel et al, Development, 2020",https://pubmed.ncbi.nlm.nih.gov/32198156/,
Kimmel 2020,Y2_LRC_A,,muscle,T,Mus musculus,GSE143476,GSM4260195,fastq,SRR10874110; SRR10874111,SAMN13830209,,,"Kimmel et al, Development, 2020",https://pubmed.ncbi.nlm.nih.gov/32198156/,
Kimmel 2020,Y1_nonLRC_Q,,muscle,T,Mus musculus,GSE143476,GSM4260196,fastq,SRR10874112; SRR10874113,SAMN13830208,,,"Kimmel et al, Development, 2020",https://pubmed.ncbi.nlm.nih.gov/32198156/,
Kimmel 2020,Y1_nonLRC_A,,muscle,T,Mus musculus,GSE143476,GSM4260197,fastq,SRR10874114; SRR10874115,SAMN13830207,,,"Kimmel et al, Development, 2020",https://pubmed.ncbi.nlm.nih.gov/32198156/,
Kimmel 2020,Y2_nonLRC_Q,,muscle,T,Mus musculus,GSE143476,GSM4260198,fastq,SRR10874116; SRR10874117,SAMN13830206,,,"Kimmel et al, Development, 2020",https://pubmed.ncbi.nlm.nih.gov/32198156/,
Kimmel 2020,Y2_nonLRC_A,,muscle,T,Mus musculus,GSE143476,GSM4260199,fastq,SRR10874118; SRR10874119,SAMN13830205,,,"Kimmel et al, Development, 2020",https://pubmed.ncbi.nlm.nih.gov/32198156/,
Kimmel 2020,A1_LRC_Q,,muscle,T,Mus musculus,GSE143476,GSM4260200,fastq,SRR10874120; SRR10874121,SAMN13830204,,,"Kimmel et al, Development, 2020",https://pubmed.ncbi.nlm.nih.gov/32198156/,
Kimmel 2020,A1_LRC_A,,muscle,T,Mus musculus,GSE143476,GSM4260201,fastq,SRR10874122; SRR10874123,SAMN13830203,,,"Kimmel et al, Development, 2020",https://pubmed.ncbi.nlm.nih.gov/32198156/,
Kimmel 2020,A2_LRC_Q,,muscle,T,Mus musculus,GSE143476,GSM4260202,fastq,SRR10874124; SRR10874125,SAMN13830202,,,"Kimmel et al, Development, 2020",https://pubmed.ncbi.nlm.nih.gov/32198156/,
Kimmel 2020,A2_LRC_A,,muscle,T,Mus musculus,GSE143476,GSM4260203,fastq,SRR10874126; SRR10874127,SAMN13830201,,,"Kimmel et al, Development, 2020",https://pubmed.ncbi.nlm.nih.gov/32198156/,
Kimmel 2020,A1_nonLRC_Q,,muscle,T,Mus musculus,GSE143476,GSM4260204,fastq,SRR10874128; SRR10874129,SAMN13830200,,,"Kimmel et al, Development, 2020",https://pubmed.ncbi.nlm.nih.gov/32198156/,
Kimmel 2020,A1_nonLRC_A,,muscle,T,Mus musculus,GSE143476,GSM4260205,fastq,SRR10874130; SRR10874131,SAMN13830199,,,"Kimmel et al, Development, 2020",https://pubmed.ncbi.nlm.nih.gov/32198156/,
Kimmel 2020,A2_nonLRC_Q,,muscle,T,Mus musculus,GSE143476,GSM4260206,fastq,SRR10874132; SRR10874133,SAMN13830198,,,"Kimmel et al, Development, 2020",https://pubmed.ncbi.nlm.nih.gov/32198156/,
Kimmel 2020,A2_nonLRC_A,,muscle,T,Mus musculus,GSE143476,GSM4260207,fastq,SRR10874134; SRR10874135,SAMN13830197,,,"Kimmel et al, Development, 2020",https://pubmed.ncbi.nlm.nih.gov/32198156/,
Verma 2019,NoInjury,,muscle,T,Mus musculus,GSE129057,GSM3692304,fastq,SRR8832578,SAMN11288434,,,"Verma et al, bioRxiv, 2021",https://www.biorxiv.org/content/10.1101/2021.08.28.458037v1,
Verma 2019,3dCTX,,muscle,T,Mus musculus,GSE129057,GSM3692305,fastq,SRR8832579,SAMN11288433,,,"Verma et al, bioRxiv, 2021",https://www.biorxiv.org/content/10.1101/2021.08.28.458037v1,
Stepien 2020,D0_IR1,,muscle,T,Mus musculus,,,,SRR11007782,,,,"Stepien et al, J Immunol, 2020",https://pubmed.ncbi.nlm.nih.gov/32161098/,
Stepien 2020,D0_IR2,,muscle,T,Mus musculus,,,,SRR11007783,,,,"Stepien et al, J Immunol, 2020",https://pubmed.ncbi.nlm.nih.gov/32161098/,
Stepien 2020,D3_IR1,,muscle,T,Mus musculus,,,,SRR10969329,,,,"Stepien et al, J Immunol, 2020",https://pubmed.ncbi.nlm.nih.gov/32161098/,
Stepien 2020,D3_IR2,,muscle,T,Mus musculus,,,,SRR10969330,,,,"Stepien et al, J Immunol, 2020",https://pubmed.ncbi.nlm.nih.gov/32161098/,
Stepien 2020,D3_IR3,,muscle,T,Mus musculus,,,,SRR10969331,,,,"Stepien et al, J Immunol, 2020",https://pubmed.ncbi.nlm.nih.gov/32161098/,
Oprescu 2020,oprescu_D0_5,tibialis anterior non-injured SM,muscle,T,Mus musculus,GSE138826,GSM4120117,fastq,SRR10275413,SAMN13026775,,,"Oprescu et al, iScience, 2020",https://pubmed.ncbi.nlm.nih.gov/32248062/,v3
Oprescu 2020,oprescu_D2,tibialis anterior 0.5 days post CTX injury,muscle,T,Mus musculus,GSE138826,GSM4120118,fastq,SRR10275414,SAMN13026787,,,"Oprescu et al, iScience, 2020",https://pubmed.ncbi.nlm.nih.gov/32248062/,v3
Oprescu 2020,oprescu_D3_5,tibialis anterior 2 days post CTX injury,muscle,T,Mus musculus,GSE138826,GSM4120119,fastq,SRR10275415,SAMN13026786,,,"Oprescu et al, iScience, 2020",https://pubmed.ncbi.nlm.nih.gov/32248062/,v3
Oprescu 2020,oprescu_D5,tibialis anterior 3.5 days post CTX injury,muscle,T,Mus musculus,GSE138826,GSM4120120,fastq,SRR10275416,SAMN13026785,,,"Oprescu et al, iScience, 2020",https://pubmed.ncbi.nlm.nih.gov/32248062/,v3
Oprescu 2020,oprescu_D10,tibialis anterior 5 days post CTX injury,muscle,T,Mus musculus,GSE138826,GSM4120121,fastq,SRR10275417,SAMN13026784,,,"Oprescu et al, iScience, 2020",https://pubmed.ncbi.nlm.nih.gov/32248062/,v3
Oprescu 2020,oprescu_D21,tibialis anterior 10 days post CTX injury,muscle,T,Mus musculus,GSE138826,GSM4120122,fastq,SRR10275418,SAMN13026783,,,"Oprescu et al, iScience, 2020",https://pubmed.ncbi.nlm.nih.gov/32248062/,v3
Oprescu 2020,oprescu_D0,tibialis anterior 21 days post CTX injury,muscle,T,Mus musculus,GSE138826,GSM4120123,fastq,SRR10275419,SAMN13026782,,,"Oprescu et al, iScience, 2020",https://pubmed.ncbi.nlm.nih.gov/32248062/,v3
Kalucka 2020,kalucka_edl,#TODO: add ENA download info,muscle,T,Mus musculus,,,,,,,,"Kalucka et al, Cell, 2020",,
Kalucka 2020,kalucka_soleus,,muscle,T,Mus musculus,,,,,,,,"Kalucka et al, Cell, 2020",,
Petrany 2020,WT_TA_24mo,,muscle,T,Mus musculus,,,fastq,SRR11336245; SRR11336246,,,,"Petrany et al, Nat Comm, 2020",,
Petrany 2020,WT_TA_5mo,,muscle,T,Mus musculus,,,fastq,SRR11336247; SRR11336248,,,,"Petrany et al, Nat Comm, 2020",,
Petrany 2020,WT_soleus_5mo,,muscle,T,Mus musculus,,,fastq,SRR11336255; SRR11336256,,,,"Petrany et al, Nat Comm, 2020",,
Petrany 2020,WT_TA_P21,,muscle,T,Mus musculus,,,fastq,SRR11336253; SRR11336254,,,,"Petrany et al, Nat Comm, 2020",,
Petrany 2020,WT_TA_P10,,muscle,T,Mus musculus,,,fastq,SRR11336251; SRR11336252,,,,"Petrany et al, Nat Comm, 2020",,
Petrany 2020,WT_TA_30mo,,muscle,T,Mus musculus,,,fastq,SRR11336249; SRR11336250,,,,"Petrany et al, Nat Comm, 2020",,
Dos Santos 2020,snRNA-seq_Soleus,#TODO confirm that these samples are different than those in Machado paper (https://pubmed.ncbi.nlm.nih.gov/33609440/),muscle,T,Mus musculus,,,,SRR11729338,,,,"Dos Santos et al, Nat Comm, 2020",,
Dos Santos 2020,snRNA-seq_Quadriceps,,muscle,T,Mus musculus,,,,SRR11729339,,,,"Dos Santos et al, Nat Comm, 2020",,
Dos Santos 2020,snRNA-seq_Tibialis,,muscle,T,Mus musculus,,,,SRR11729340,,,,"Dos Santos et al, Nat Comm, 2020",,
Dos Santos 2020,snRNA-seq_Mix,,muscle,T,Mus musculus,,,,SRR11729341,,,,"Dos Santos et al, Nat Comm, 2020",,
Wang 2020,muscle_D,Mouse Diaphragm Muscle Macrophage,muscle,,Mus musculus,GSE142480,GSM4230226,,SRR10752709; SRR10752710; SRR10752711,SAMN13663852,,,"Wang et al, PNAS, 2020",https://pubmed.ncbi.nlm.nih.gov/32796104/,v2
Wang 2020,muscle_L,Mouse Lung Alveolar Macrophage,lung,,Mus musculus,GSE142480,GSM4230227,,SRR10752712; SRR10752713; SRR10752714,SAMN13663851,,,"Wang et al, PNAS, 2020",https://pubmed.ncbi.nlm.nih.gov/32796104/,v2
Wang 2020,muscle_P,Mouse Peritoneal Macrophage,peritoneum,T,Mus musculus,GSE142480,GSM4230228,,SRR10752715; SRR10752716; SRR10752717,SAMN13663850,,,"Wang et al, PNAS, 2020",https://pubmed.ncbi.nlm.nih.gov/32796104/,v2
Wang 2020,muscle_Q,Mouse Quadriceps Muscle Macrophage,muscle,T,Mus musculus,GSE142480,GSM4230229,,SRR10752718; SRR10752719; SRR10752720,SAMN13663849,,,"Wang et al, PNAS, 2020",https://pubmed.ncbi.nlm.nih.gov/32796104/,v2
Chemello 2020,Chemello_WT,,muscle,T,Mus musculus,GSE156497,GSM4732631,,SRR12478037; SRR12478038; SRR12478039; SRR12478040,SAMN15858612,,,"Chemello et al, PNAS, 2020",https://pubmed.ncbi.nlm.nih.gov/33148801/,
Chemello 2020,Chemello_Delta51,,muscle,,Mus musculus,GSE156497,GSM4732632,,SRR12478041; SRR12478042; SRR12478043; SRR12478044,SAMN15858611,,,"Chemello et al, PNAS, 2020",https://pubmed.ncbi.nlm.nih.gov/33148801/,
Yartseva 2020,Yartseva_0dpi,,muscle,T,Mus musculus,GSE142581,GSM4232371,,SRR10764954; SRR10764955,SAMN13677038,,,"Yartseva et al, Cell Reports, 2020",https://pubmed.ncbi.nlm.nih.gov/32023464/,
Yartseva 2020,Yartseva_4dpi,,muscle,T,Mus musculus,GSE142581,GSM4232372,,SRR10764956; SRR10764957,SAMN13677036,,,"Yartseva et al, Cell Reports, 2020",https://pubmed.ncbi.nlm.nih.gov/32023464/,
Yartseva 2020,,actd - aRW - 0dpi,muscle,,Mus musculus,GSE142581,GSM4232373,,SRR10764958,SAMN13677035,,,"Yartseva et al, Cell Reports, 2020",https://pubmed.ncbi.nlm.nih.gov/32023464/,
Yartseva 2020,,actd - aN2 - 0dpi,muscle,,Mus musculus,GSE142581,GSM4232374,,SRR10764959,SAMN13677034,,,"Yartseva et al, Cell Reports, 2020",https://pubmed.ncbi.nlm.nih.gov/32023464/,
Yartseva 2020,,actd - aRW - 4dpi,muscle,,Mus musculus,GSE142581,GSM4232375,,SRR10764960,SAMN13677033,,,"Yartseva et al, Cell Reports, 2020",https://pubmed.ncbi.nlm.nih.gov/32023464/,
Yartseva 2020,,actd - aRW - 4dpi,muscle,,Mus musculus,GSE142581,GSM4232376,,SRR10764961,SAMN13677032,,,"Yartseva et al, Cell Reports, 2020",https://pubmed.ncbi.nlm.nih.gov/32023464/,
Yartseva 2020,,no - aRW - 4dpi,muscle,,Mus musculus,GSE142581,GSM4232377,,SRR10764962,SAMN13677031,,,"Yartseva et al, Cell Reports, 2020",https://pubmed.ncbi.nlm.nih.gov/32023464/,
Yartseva 2020,,actd - aN2 - 4dpi,muscle,,Mus musculus,GSE142581,GSM4232378,,SRR10764963,SAMN13677030,,,"Yartseva et al, Cell Reports, 2020",https://pubmed.ncbi.nlm.nih.gov/32023464/,
Yartseva 2020,,no - aN2 - 4dpi,muscle,,Mus musculus,GSE142581,GSM4232379,,SRR10764964,SAMN13677029,,,"Yartseva et al, Cell Reports, 2020",https://pubmed.ncbi.nlm.nih.gov/32023464/,
Yartseva 2020,,actd - aDll1 - 4dpi,muscle,,Mus musculus,GSE142581,GSM4232380,,SRR10764965,SAMN13677028,,,"Yartseva et al, Cell Reports, 2020",https://pubmed.ncbi.nlm.nih.gov/32023464/,
Yartseva 2020,,actd - aDll1 - 4dpi,muscle,,Mus musculus,GSE142581,GSM4232381,,SRR10764966,SAMN13677027,,,"Yartseva et al, Cell Reports, 2020",https://pubmed.ncbi.nlm.nih.gov/32023464/,
De Micheli 2020c,hu07_021219,,muscle,T,Homo sapiens,GSE143704,,,SRR10897760,,,,"De Micheli et al, Skeletal Muscle, 2020",,
De Micheli 2020c,hu01_061419,,muscle,T,Homo sapiens,GSE143704,,,SRR10897761,,,,"De Micheli et al, Skeletal Muscle, 2020",,
De Micheli 2020c,hu02_062419,,muscle,T,Homo sapiens,GSE143704,,,SRR10897762,,,,"De Micheli et al, Skeletal Muscle, 2020",,
De Micheli 2020c,hu03_062719,,muscle,T,Homo sapiens,GSE143704,,,SRR10897763,,,,"De Micheli et al, Skeletal Muscle, 2020",,
De Micheli 2020c,hu04_080619,,muscle,T,Homo sapiens,GSE143704,,,SRR10897764,,,,"De Micheli et al, Skeletal Muscle, 2020",,
De Micheli 2020c,hu08_092618,,muscle,T,Homo sapiens,GSE143704,,,SRR10897765,,,,"De Micheli et al, Skeletal Muscle, 2020",,
De Micheli 2020c,hu09_092718,,muscle,T,Homo sapiens,GSE143704,,,SRR10897766,,,,"De Micheli et al, Skeletal Muscle, 2020",,
De Micheli 2020c,hu10_101018,,muscle,T,Homo sapiens,GSE143704,,,SRR10897767,,,,"De Micheli et al, Skeletal Muscle, 2020",,
De Micheli 2020c,hu05_111418,,muscle,T,Homo sapiens,GSE143704,,,SRR10897768,,,,"De Micheli et al, Skeletal Muscle, 2020",,
De Micheli 2020c,hu06_120518,,muscle,T,Homo sapiens,GSE143704,,,SRR10897769,,,,"De Micheli et al, Skeletal Muscle, 2020",,
Robinson 2021,Nelfb-KO_3,,muscle,,Mus musculus,GSE150278,GSM4544638,,SRR11768423; SRR11768424; SRR11768425; SRR11768426,SAMN14888052,,,"Robinson et al, Developmental Cell, 2021",,
Robinson 2021,Nelfb-KO_B,,muscle,,Mus musculus,GSE150278,GSM4544639,,SRR11768409; SRR11768410; SRR11768428; SRR11768427,SAMN14888051,,,"Robinson et al, Developmental Cell, 2021",,
Robinson 2021,Nelfb-WT_1,,muscle,,Mus musculus,GSE150278,GSM4544640,,SRR11768411; SRR11768412; SRR11768413; SRR11768414,,,,"Robinson et al, Developmental Cell, 2021",,
Robinson 2021,Nelfb-WT_A,,muscle,,Mus musculus,GSE150278,GSM4544641,,SRR11768415; SRR11768416; SRR11768417; SRR11768418,,,,"Robinson et al, Developmental Cell, 2021",,
Robinson 2021,Nelfb-WT_B,,muscle,,Mus musculus,GSE150278,GSM4544642,,SRR11768419; SRR11768420; SRR11768421; SRR11768422,,,,"Robinson et al, Developmental Cell, 2021",,
Sunadome 2020,,"C2C12 cells, cultured in different stiffness settings",cell line,F,Mus musculus,GSE160098,,,SRR12898550,SAMN16552266,,,NO_LINKED_PUBLICATION,,
Sunadome 2020,,"C2C12 cells, cultured in different stiffness settings",cell line,F,Mus musculus,GSE160098,,,SRR12898551,SAMN16552265,,,NO_LINKED_PUBLICATION,,
Chow 2021,noFANS_1,133155-hg19: Human snRNA no FANS rep 1,muscle,,Homo sapiens,GSE178734,GSM5396679,NA,NA,NA,,,NO_LINKED_PUBLICATION,,
Chow 2021,FANS_1,133156-hg19: Human snRNA FANS rep 1,muscle,,Homo sapiens,GSE178734,GSM5396680,NA,NA,NA,,,NO_LINKED_PUBLICATION,,
Chow 2021,noFANS_2,133157-hg19: Human snRNA no FANS rep 2,muscle,,Homo sapiens,GSE178734,GSM5396681,NA,NA,NA,,,NO_LINKED_PUBLICATION,,
Chow 2021,FANS_2,133158-hg19: Human snRNA FANS rep 2,muscle,,Homo sapiens,GSE178734,GSM5396682,NA,NA,NA,,,NO_LINKED_PUBLICATION,,
Chow 2021,human_20k_nuc,63_20_rna-hg19: Human snRNA 20k nuclei,muscle,,Homo sapiens,GSE178734,GSM5396684,NA,NA,NA,,,NO_LINKED_PUBLICATION,,
Chow 2021,human_40k_nuc,63_40_rna-hg19: Human snRNA 40k nuclei,muscle,,Homo sapiens,GSE178734,GSM5396685,NA,NA,NA,,,NO_LINKED_PUBLICATION,,
Martins 2020,NMorganoids_D5,Neuromuscular organoid. Time point: 50 days differentiated.,organoid,,Homo sapiens,GSE128357,GSM4276650,fastq,SRR8734990,SAMN13884430,,,"Martins et al, Cell Stem Cell, 2020",https://pubmed.ncbi.nlm.nih.gov/31956040/,v2
Martins 2020,NMorganoids_D50_1-3,Neuromuscular organoid. Time point: 5 days differentiated. 10 Day 5 NM organoids labelled with two indexes (pooled 5+5).,organoid,,Homo sapiens,GSE128357,GSM3672209,fastq,SRR8734991,SAMN11131652,,,"Martins et al, Cell Stem Cell, 2020",https://pubmed.ncbi.nlm.nih.gov/31956040/,v2
Martins 2020,NMorganoids_D50_4,"Neuromuscular organoid. Time point: 50 days differentiated. Day 50 NM organoids 1, 2 and 3, labelled with different indexes.",organoid,,Homo sapiens,GSE128357,GSM3672210,fastq,SRR10914868,SAMN11131649,,,"Martins et al, Cell Stem Cell, 2020",https://pubmed.ncbi.nlm.nih.gov/31956040/,v2
Chestnut 2020,10X_Etv2_heterozygous_20ss,Jul11_2016_15-18ss_etv2gfp; ,muscle,,Danio rerio,GSE143750,GSM4230286,,SRR10753170; SRR10753171; SRR10753172; SRR10753173; SRR10753174; SRR10753175; SRR10753176; SRR10753177; SRR10753178; SRR10753179; SRR10753180; SRR10753181; SRR10753182; SRR10753183; SRR10753184; SRR10753185; SRR10753186; SRR10753187; SRR10753188; SRR10753189; SRR10753190; SRR10753191; SRR10753192; SRR10753193; SRR10753194; SRR10753195; SRR10753196; SRR10753197; SRR10753198; SRR10753199; SRR10753200; SRR10753201; SRR10753202; SRR10753203; SRR10753204; SRR10753205; SRR10753206; SRR10753207; SRR10753208; SRR10753209; SRR10753210; SRR10753211; SRR10753212; SRR10753213; SRR10753214; SRR10753215; SRR10753216; SRR10753217,SAMN13663991,,,"Chestnut et al, Nat Comm, 2020",https://pubmed.ncbi.nlm.nih.gov/32493965/,
Chestnut 2020,10X_Etv2_homozygous_20ss,Aug1_2016_20ss_etv2gfp; 20 somite stage,muscle,,Danio rerio,GSE143750,GSM4230287,,SRR10753218; SRR10753219; SRR10753220; SRR10753221; SRR10753222; SRR10753223; SRR10753224; SRR10753225; SRR10753226; SRR10753227; SRR10753228; SRR10753229; SRR10753230; SRR10753231; SRR10753232; SRR10753233; SRR10753234; SRR10753235; SRR10753236; SRR10753237; SRR10753238; SRR10753239; SRR10753240; SRR10753241; SRR10753242; SRR10753243; SRR10753244; SRR10753245; SRR10753246; SRR10753247; SRR10753248; SRR10753249; SRR10753250; SRR10753251; SRR10753252; SRR10753253; SRR10753254; SRR10753255; SRR10753256; SRR10753257; SRR10753258; SRR10753259; SRR10753260; SRR10753261; SRR10753262; SRR10753263; SRR10753264; SRR10753265,SAMN13663990,,,"Chestnut et al, Nat Comm, 2020",https://pubmed.ncbi.nlm.nih.gov/32493965/,
Metikala 2021,Zf_30h_trunk,,,,Danio rerio,GSE152982,,,SRR12067712; SRR12067711,,,,"Metikala et al, PLOS ONE, 2021",,
Han 2021,E14_singlecell_Osr2-KICreRunx2flfl,E14_singlecell_Osr2-KICre;Runx2fl/fl,,,Danio rerio,GSE155928,GSM4716009,,"SRR12416692, SRR12416691",,,,"Han et al, eLife, 2021",https://elifesciences.org/articles/62387,
Han 2021,E13_singlecell_control,E13_singlecell_control,,,Danio rerio,GSE155928,GSM5222799,,"SRR14130123, SRR14130122	",,,,"Han et al, eLife, 2021",https://elifesciences.org/articles/62387,
Han 2021,E14_singlecell_control1,E14_singlecell_control1,,,Danio rerio,GSE155928,GSM5222800,,"SRR14130125, SRR14130124",,,,"Han et al, eLife, 2021",https://elifesciences.org/articles/62387,
Han 2021,E14_singlecell_control2,E14_singlecell_control2,,,Danio rerio,GSE155928,GSM5222801,,"SRR14130126, SRR14130127",,,,"Han et al, eLife, 2021",https://elifesciences.org/articles/62387,
Han 2021,E15_singlecell_control,E15_singlecell_control,,,Danio rerio,GSE155928,GSM5222802,,"SRR14130129, SRR14130128",,,,"Han et al, eLife, 2021",https://elifesciences.org/articles/62387,
Han 2021,E14control1,E14control1,,,Danio rerio,GSE155928,GSM5222803,,SRR14130130,,,,"Han et al, eLife, 2021",https://elifesciences.org/articles/62387,
Han 2021,E14control2,E14control2,,,Danio rerio,GSE155928,GSM5222804,,SRR14130131,,,,"Han et al, eLife, 2021",https://elifesciences.org/articles/62387,
Han 2021,E14control3,E14control3,,,Danio rerio,GSE155928,GSM5222805,,SRR14130132,,,,"Han et al, eLife, 2021",https://elifesciences.org/articles/62387,
Han 2021,E14.5_Osr2-KICreRunx2flfl1,E14.5 Osr2-KICre;Runx2fl/fl1,,,Danio rerio,GSE155928,GSM5222806,,SRR14130133,,,,"Han et al, eLife, 2021",https://elifesciences.org/articles/62387,
Han 2021,E14.5_Osr2-KICreRunx2flfl2,E14.5 Osr2-KICre;Runx2fl/fl2,,,Danio rerio,GSE155928,GSM5222807,,SRR14130134,,,,"Han et al, eLife, 2021",https://elifesciences.org/articles/62387,
Han 2021,E14.5_Osr2-KICreRunx2flfl3,E14.5 Osr2-KICre;Runx2fl/fl3,,,Danio rerio,GSE155928,GSM5222808,,SRR14130135,,,,"Han et al, eLife, 2021",https://elifesciences.org/articles/62387,
Han 2021,Ad2_4_S1,Ad2_4_S1,,,Danio rerio,GSE155928,GSM5222809,,SRR14130136,,,,"Han et al, eLife, 2021",https://elifesciences.org/articles/62387,
Fan 2021,Muscle_Cells,no treatment,muscle,,Mus musculus,GSE158984,GSM4816918,,SRR12769478; SRR12769479; SRR12769480; SRR12769481,SAMN16362733,,,"Fan et al, Cell Metabolism, 2021",https://pubmed.ncbi.nlm.nih.gov/34358431/,
Fan 2021,Sedentary,single house sedentary,muscle,,Mus musculus,GSE158984,GSM4816919,,SRR12769482; SRR12769483,SAMN16362732,,,"Fan et al, Cell Metabolism, 2021",https://pubmed.ncbi.nlm.nih.gov/34358431/,
Fan 2021,2weeks_run,single house voluntary running 14 days,muscle,,Mus musculus,GSE158984,GSM4816920,,SRR12769484; SRR12769485,SAMN16362731,,,"Fan et al, Cell Metabolism, 2021",https://pubmed.ncbi.nlm.nih.gov/34358431/,
Cherry 2021,WT1,,,,Mus musculus,GSE175888,GSM5350789,,SRR14699776; SRR14699777,SAMN19487453,,,"Cherry et al, Nature Biomedical Engineering, 2021",https://pubmed.ncbi.nlm.nih.gov/34341534/,
Cherry 2021,WT2,,,,Mus musculus,GSE175888,GSM5350790,,SRR14699778; SRR14699779,SAMN19487452,,,"Cherry et al, Nature Biomedical Engineering, 2021",https://pubmed.ncbi.nlm.nih.gov/34341534/,
Cherry 2021,WT3,,,,Mus musculus,GSE175888,GSM5350791,,SRR14699780; SRR14699781,SAMN19487451,,,"Cherry et al, Nature Biomedical Engineering, 2021",https://pubmed.ncbi.nlm.nih.gov/34341534/,
Cherry 2021,WT4,,,,Mus musculus,GSE175888,GSM5350792,,SRR14699782; SRR14699783,SAMN19487450,,,"Cherry et al, Nature Biomedical Engineering, 2021",https://pubmed.ncbi.nlm.nih.gov/34341534/,
Cherry 2021,IL17ra--_1,,,,Mus musculus,GSE175888,GSM5350793,,SRR14699784; SRR14699785,SAMN19487449,,,"Cherry et al, Nature Biomedical Engineering, 2021",https://pubmed.ncbi.nlm.nih.gov/34341534/,
Cherry 2021,IL17ra--_2,,,,Mus musculus,GSE175888,GSM5350794,,SRR14699786; SRR14699787,SAMN19487448,,,"Cherry et al, Nature Biomedical Engineering, 2021",https://pubmed.ncbi.nlm.nih.gov/34341534/,
Cherry 2021,IL17ra--_3,,,,Mus musculus,GSE175888,GSM5350795,,SRR14699789; SRR14699790,SAMN19487447,,,"Cherry et al, Nature Biomedical Engineering, 2021",https://pubmed.ncbi.nlm.nih.gov/34341534/,
Cherry 2021,IL17ra--_4,,,,Mus musculus,GSE175888,GSM5350796,,SRR14699791; SRR14699792,SAMN19487446,,,"Cherry et al, Nature Biomedical Engineering, 2021",https://pubmed.ncbi.nlm.nih.gov/34341534/,
Cherry 2021,IL17ra--_5,,,,Mus musculus,GSE175888,GSM5350797,,SRR14699793; SRR14699794,SAMN19487445,,,"Cherry et al, Nature Biomedical Engineering, 2021",https://pubmed.ncbi.nlm.nih.gov/34341534/,
Cherry 2021,CD45e_old_1wk_ECM,,,,Mus musculus,GSE175889,GSM5350798,,SRR14699878,SAMN19487622,,,"Cherry et al, Nature Biomedical Engineering, 2021",https://pubmed.ncbi.nlm.nih.gov/34341534/,
Cherry 2021,CD45e_old_1wk_PCL,,,,Mus musculus,GSE175889,GSM5350799,,SRR14699879,SAMN19487613,,,"Cherry et al, Nature Biomedical Engineering, 2021",https://pubmed.ncbi.nlm.nih.gov/34341534/,
Cherry 2021,CD45e_old_1wk_Saline,,,,Mus musculus,GSE175889,GSM5350800,,SRR14699880,SAMN19487612,,,"Cherry et al, Nature Biomedical Engineering, 2021",https://pubmed.ncbi.nlm.nih.gov/34341534/,
Cherry 2021,CD45e_old_1wk_Naive,,,,Mus musculus,GSE175889,GSM5350801,,SRR14699881,SAMN19487621,,,"Cherry et al, Nature Biomedical Engineering, 2021",https://pubmed.ncbi.nlm.nih.gov/34341534/,
Cherry 2021,CD45e_young_1wk_ECM,,,,Mus musculus,GSE175889,GSM5350802,,SRR14699882,SAMN19487620,,,"Cherry et al, Nature Biomedical Engineering, 2021",https://pubmed.ncbi.nlm.nih.gov/34341534/,
Cherry 2021,CD45e_young_1wk_PCL,,,,Mus musculus,GSE175889,GSM5350803,,SRR14699883,SAMN19487619,,,"Cherry et al, Nature Biomedical Engineering, 2021",https://pubmed.ncbi.nlm.nih.gov/34341534/,
Cherry 2021,CD45e_young_1wk_Saline,,,,Mus musculus,GSE175889,GSM5350804,,SRR14699884,SAMN19487618,,,"Cherry et al, Nature Biomedical Engineering, 2021",https://pubmed.ncbi.nlm.nih.gov/34341534/,
Cherry 2021,CD45e_young_1wk_Naive,,,,Mus musculus,GSE175889,GSM5350805,,SRR14699885,SAMN19487617,,,"Cherry et al, Nature Biomedical Engineering, 2021",https://pubmed.ncbi.nlm.nih.gov/34341534/,
Cherry 2021,Fibroblast_young_1wk_ECM,,,,Mus musculus,GSE175889,GSM5350806,,SRR14699886,SAMN19487616,,,"Cherry et al, Nature Biomedical Engineering, 2021",https://pubmed.ncbi.nlm.nih.gov/34341534/,
Cherry 2021,Fibroblast_young_1wk_PCL,,,,Mus musculus,GSE175889,GSM5350807,,SRR14699887,SAMN19487615,,,"Cherry et al, Nature Biomedical Engineering, 2021",https://pubmed.ncbi.nlm.nih.gov/34341534/,
Cherry 2021,Fibroblast_young_1wk_Saline,,,,Mus musculus,GSE175889,GSM5350808,,SRR14699888,SAMN19487614,,,"Cherry et al, Nature Biomedical Engineering, 2021",https://pubmed.ncbi.nlm.nih.gov/34341534/,
Cherry 2021,Fibroblast_young_1wk_Naive,,,,Mus musculus,GSE175889,GSM5350809,,SRR14699889,SAMN19487611,,,"Cherry et al, Nature Biomedical Engineering, 2021",https://pubmed.ncbi.nlm.nih.gov/34341534/,
Cherry 2021,Fibroblast_young_6wk_ECM,,,,Mus musculus,GSE175889,GSM5350810,,SRR14699890,SAMN19487610,,,"Cherry et al, Nature Biomedical Engineering, 2021",https://pubmed.ncbi.nlm.nih.gov/34341534/,
Cherry 2021,Fibroblast_young_6wk_PCL,,,,Mus musculus,GSE175889,GSM5350811,,SRR14699891,SAMN19487609,,,"Cherry et al, Nature Biomedical Engineering, 2021",https://pubmed.ncbi.nlm.nih.gov/34341534/,
Cherry 2021,Fibroblast_young_6wk_Saline,,,,Mus musculus,GSE175889,GSM5350812,,SRR14699892,SAMN19487521,,,"Cherry et al, Nature Biomedical Engineering, 2021",https://pubmed.ncbi.nlm.nih.gov/34341534/,
Cherry 2021,Fibroblast_young_6wk_Naive,,,,Mus musculus,GSE175889,GSM5350813,,SRR14699893,SAMN19487520,,,"Cherry et al, Nature Biomedical Engineering, 2021",https://pubmed.ncbi.nlm.nih.gov/34341534/,
Cherry 2021,Macrophage_young_1wk_ECM,,,,Mus musculus,GSE175889,GSM5350814,,SRR14699894,SAMN19487519,,,"Cherry et al, Nature Biomedical Engineering, 2021",https://pubmed.ncbi.nlm.nih.gov/34341534/,
Cherry 2021,Macrophage_young_1wk_PCL,,,,Mus musculus,GSE175889,GSM5350815,,SRR14699895,SAMN19487518,,,"Cherry et al, Nature Biomedical Engineering, 2021",https://pubmed.ncbi.nlm.nih.gov/34341534/,
Cherry 2021,Macrophage_young_1wk_Saline,,,,Mus musculus,GSE175889,GSM5350816,,SRR14699896,SAMN19487517,,,"Cherry et al, Nature Biomedical Engineering, 2021",https://pubmed.ncbi.nlm.nih.gov/34341534/,
Sono 2021,d3IR1,day 3 IR/CTX injury,muscle,,Mus musculus,GSE144270,GSM4284747,,SRR10969329,SAMN13927205,,,"Sono et al, Am J Pathol, 2021",https://pubmed.ncbi.nlm.nih.gov/32533926/,
Sono 2021,d3IR2,day 3 IR/CTX injury,muscle,,Mus musculus,GSE144270,GSM4284748,,SRR10969330,SAMN13927203,,,"Sono et al, Am J Pathol, 2021",https://pubmed.ncbi.nlm.nih.gov/32533926/,
Sono 2021,d3IR3,day 3 IR/CTX injury,muscle,,Mus musculus,GSE144270,GSM4284749,,SRR10969331,SAMN13927202,,,"Sono et al, Am J Pathol, 2021",https://pubmed.ncbi.nlm.nih.gov/32533926/,
Sono 2021,d0IR1,day 0 control,muscle,,Mus musculus,GSE144270,GSM4284745,,SRR11007782,SAMN13927200,,,"Sono et al, Am J Pathol, 2021",https://pubmed.ncbi.nlm.nih.gov/32533926/,
Sono 2021,d0IR2,day 0 control,muscle,,Mus musculus,GSE144270,GSM4284746,,SRR11007783,SAMN13927206,,,"Sono et al, Am J Pathol, 2021",https://pubmed.ncbi.nlm.nih.gov/32533926/,
Kimmel 2021,Aged_1_Pre-differentiation,Freshly-isolated 0 hours,,,Mus musculus,GSE145256,GSM4310251,,SRR11080211,SAMN14096384,,,"Kimmel et al, Cell Reports, 2021",https://pubmed.ncbi.nlm.nih.gov/33910007/,
Kimmel 2021,Aged_2_Pre-differentiation,Freshly-isolated 0 hours,,,Mus musculus,GSE145256,GSM4310252,,SRR11080212,SAMN14096391,,,"Kimmel et al, Cell Reports, 2021",https://pubmed.ncbi.nlm.nih.gov/33910007/,
Kimmel 2021,Young_1_Pre-differentiation,Freshly-isolated 0 hours,,,Mus musculus,GSE145256,GSM4310253,,SRR11080213,SAMN14096390,,,"Kimmel et al, Cell Reports, 2021",https://pubmed.ncbi.nlm.nih.gov/33910007/,
Kimmel 2021,Young_2_Pre-differenitation,Freshly-isolated 0 hours,,,Mus musculus,GSE145256,GSM4310254,,SRR11080214,SAMN14096389,,,"Kimmel et al, Cell Reports, 2021",https://pubmed.ncbi.nlm.nih.gov/33910007/,
Kimmel 2021,Aged_1_Post-differentiation,Differentiated 60 hours,,,Mus musculus,GSE145256,GSM4310255,,SRR11080215,SAMN14096388,,,"Kimmel et al, Cell Reports, 2021",https://pubmed.ncbi.nlm.nih.gov/33910007/,
Kimmel 2021,Aged_2_Post-differentiation,Differentiated 60 hours,,,Mus musculus,GSE145256,GSM4310256,,SRR11080216,SAMN14096387,,,"Kimmel et al, Cell Reports, 2021",https://pubmed.ncbi.nlm.nih.gov/33910007/,
Kimmel 2021,Young_1_Post-differentiation,Differentiated 60 hours,,,Mus musculus,GSE145256,GSM4310257,,SRR11080217,SAMN14096386,,,"Kimmel et al, Cell Reports, 2021",https://pubmed.ncbi.nlm.nih.gov/33910007/,
Kimmel 2021,Young_2_Post-differentiation,Differentiated 60 hours,,,Mus musculus,GSE145256,GSM4310258,,SRR11080218,SAMN14096385,,,"Kimmel et al, Cell Reports, 2021",https://pubmed.ncbi.nlm.nih.gov/33910007/,
Ma 2020,Muscle-M-Y,,muscle,,Rattus norvegicus,GSE137869,GSM4331858,,SRR11143068; SRR11143069; SRR11143070; SRR11143071,SAMN14162462,,,"Ma et al, Cell, 2020",https://pubmed.ncbi.nlm.nih.gov/32109414/,v2
Ma 2020,Muscle-M-O,,muscle,,Rattus norvegicus,GSE137869,GSM4331859,,SRR11143072; SRR11143073; SRR11143074; SRR11143075,SAMN14162461,,,"Ma et al, Cell, 2020",https://pubmed.ncbi.nlm.nih.gov/32109414/,v2
Ma 2020,Muscle-M-CR,,muscle,,Rattus norvegicus,GSE137869,GSM4331860,,SRR11143076; SRR11143077; SRR11143078; SRR11143079,SAMN14162460,,,"Ma et al, Cell, 2020",https://pubmed.ncbi.nlm.nih.gov/32109414/,v2
Ma 2020,Muscle-F-Y,,muscle,,Rattus norvegicus,GSE137869,GSM4331861,,SRR11143080; SRR11143081; SRR11143082; SRR11143083,SAMN14162459,,,"Ma et al, Cell, 2020",https://pubmed.ncbi.nlm.nih.gov/32109414/,v2
Ma 2020,Muscle-F-O,,muscle,,Rattus norvegicus,GSE137869,GSM4331862,,SRR11143084; SRR11143085; SRR11143086; SRR11143087,SAMN14162458,,,"Ma et al, Cell, 2020",https://pubmed.ncbi.nlm.nih.gov/32109414/,v2
Ma 2020,Muscle-F-CR,,muscle,,Rattus norvegicus,GSE137869,GSM4331863,,SRR11143088; SRR11143089; SRR11143090; SRR11143091,SAMN14162457,,,"Ma et al, Cell, 2020",https://pubmed.ncbi.nlm.nih.gov/32109414/,v2
de Lima 2021,"Forelimb,_E4",,,,Gallus gallus,GSE166981,GSM5090142,,SRR13733760,SAMN17965279,,,"de Lima et al, Nature Communications, 2021",https://pubmed.ncbi.nlm.nih.gov/34158501/,
de Lima 2021,"Forelimb,_E6",,,,Gallus gallus,GSE166981,GSM5090143,,SRR13733761,SAMN17965275,,,"de Lima et al, Nature Communications, 2021",https://pubmed.ncbi.nlm.nih.gov/34158501/,
de Lima 2021,"Forelimb,_E10",,,,Gallus gallus,GSE166981,GSM5090144,,SRR13733762,SAMN17965276,,,"de Lima et al, Nature Communications, 2021",https://pubmed.ncbi.nlm.nih.gov/34158501/,
Foster 2020,Human_patients_1-3,hashed and pooled,,,Homo sapiens,GSE153929,GSM4658494,,SRR12162989,SAMN15463451,,,"Foster et al, Nature Communications, 2020",https://pubmed.ncbi.nlm.nih.gov/32792541/,
Foster 2020,Mouse_Adh_1,,,,Mus musculus,GSE153929,GSM4658495,,SRR12162990,SAMN15463450,,,"Foster et al, Nature Communications, 2020",https://pubmed.ncbi.nlm.nih.gov/32792541/,
Foster 2020,Mouse_Adh_2,,,,Mus musculus,GSE153929,GSM4658496,,SRR12162991,SAMN15463449,,,"Foster et al, Nature Communications, 2020",https://pubmed.ncbi.nlm.nih.gov/32792541/,
Barruet 2020,,,,,Homo sapiens,NA,NA,,NA,NA,,,"Barruet et al, eLife, 2020",https://pubmed.ncbi.nlm.nih.gov/32234209/,
Liang 2020,DBM_CD8T,10x scRNA-Seq of Cd8+ T cells from the ischemic muscles of Lepr db/+,muscle,,Mus musculus,NA,NA,,SRR10906901,SAMN13495620,,,"Liang et al, Theranostics, 2020",https://pubmed.ncbi.nlm.nih.gov/32226549/,
Liang 2020,DBDB_CD8T,10x scRNA-Seq of Cd8+ T cells from the ischemic muscles of Lepr db/db,muscle,,Mus musculus,NA,NA,,SRR10906902,SAMN13495621,,,"Liang et al, Theranostics, 2020",https://pubmed.ncbi.nlm.nih.gov/32226549/,
Sorkin 2020,HODay0replicate1,Day 0 A partial-thickness scald burn injury was administered to animals  cells recruited to injury site at day 0,tendon,,Mus musculus,GSE126060,GSM3589975,,SRR10350308,SAMN13117879,,,"Sorkin et al, Nature Communications, 2020",https://pubmed.ncbi.nlm.nih.gov/32024825/,
Sorkin 2020,HODay0replicate2,Day 7 A partial-thickness scald burn injury was administered to animals  cells recruited to injury site at day 7,tendon,,Mus musculus,GSE126060,GSM3589976,,SRR10350309,SAMN13117878,,,"Sorkin et al, Nature Communications, 2020",https://pubmed.ncbi.nlm.nih.gov/32024825/,
Sorkin 2020,HODay0replicate3,Day 21 A partial-thickness scald burn injury was administered to animals  cells recruited to injury site at day 21,tendon,,Mus musculus,GSE126060,GSM3589977,,SRR10350310,SAMN13117877,,,"Sorkin et al, Nature Communications, 2020",https://pubmed.ncbi.nlm.nih.gov/32024825/,
Sorkin 2020,HODay3replicate1,CD47 treated A partial-thickness scald burn injury was administered to animals; CD47 activating peptide (10mg/kg i.p. daily) treated 3 days prior to injury and 3 days after injury.  cells recruited to injury site,tendon,,Mus musculus,GSE126060,GSM3589978,,SRR10350311,SAMN13117876,,,"Sorkin et al, Nature Communications, 2020",https://pubmed.ncbi.nlm.nih.gov/32024825/,
Sorkin 2020,HODay3replicate2,Tenotomy site of a burn/tenotomy mouse A partial-thickness scald burn injury was administered to animals cells recruited to injury site at day 0 ,tendon,,Mus musculus,GSE126060,GSM3589979,,SRR8528186,SAMN10869541,,,"Sorkin et al, Nature Communications, 2020",https://pubmed.ncbi.nlm.nih.gov/32024825/,
Sorkin 2020,HODay3replicate3,Tenotomy site of a burn/tenotomy mouse A partial-thickness scald burn injury was administered to animals cells recruited to injury site at day 0 ,tendon,,Mus musculus,GSE126060,GSM3589980,,SRR8528187,SAMN10869540,,,"Sorkin et al, Nature Communications, 2020",https://pubmed.ncbi.nlm.nih.gov/32024825/,
Sorkin 2020,HODay7replicate1,Tenotomy site of a burn/tenotomy mouse A partial-thickness scald burn injury was administered to animals cells recruited to injury site at day 0 ,tendon,,Mus musculus,GSE126060,GSM3589981,,SRR8528188,SAMN10869539,,,"Sorkin et al, Nature Communications, 2020",https://pubmed.ncbi.nlm.nih.gov/32024825/,
Sorkin 2020,HODay7replicate2,Tenotomy site of a burn/tenotomy mouse A partial-thickness scald burn injury was administered to animals cells recruited to injury site at day 3 ,tendon,,Mus musculus,GSE126060,GSM3589982,,SRR8528189,SAMN10869538,,,"Sorkin et al, Nature Communications, 2020",https://pubmed.ncbi.nlm.nih.gov/32024825/,
Sorkin 2020,HODay7replicate3,Tenotomy site of a burn/tenotomy mouse A partial-thickness scald burn injury was administered to animals cells recruited to injury site at day 3 ,tendon,,Mus musculus,GSE126060,GSM3589983,,SRR8528190,SAMN10869537,,,"Sorkin et al, Nature Communications, 2020",https://pubmed.ncbi.nlm.nih.gov/32024825/,
Sorkin 2020,HODay21replicate1,Tenotomy site of a burn/tenotomy mouse A partial-thickness scald burn injury was administered to animals cells recruited to injury site at day 3 ,tendon,,Mus musculus,GSE126060,GSM3589984,,SRR8528191,SAMN10869536,,,"Sorkin et al, Nature Communications, 2020",https://pubmed.ncbi.nlm.nih.gov/32024825/,
Sorkin 2020,HODay21replicate2,Tenotomy site of a burn/tenotomy mouse A partial-thickness scald burn injury was administered to animals cells recruited to injury site at day 7 ,tendon,,Mus musculus,GSE126060,GSM3589985,,SRR8528192,SAMN10869535,,,"Sorkin et al, Nature Communications, 2020",https://pubmed.ncbi.nlm.nih.gov/32024825/,
Sorkin 2020,HODay21replicate3,Tenotomy site of a burn/tenotomy mouse A partial-thickness scald burn injury was administered to animals cells recruited to injury site at day 7 ,tendon,,Mus musculus,GSE126060,GSM3589986,,SRR8528193,SAMN10869534,,,"Sorkin et al, Nature Communications, 2020",https://pubmed.ncbi.nlm.nih.gov/32024825/,
Sorkin 2020,HO_CD47_treatedreplicate1,Tenotomy site of a burn/tenotomy mouse A partial-thickness scald burn injury was administered to animals cells recruited to injury site at day 7 ,tendon,,Mus musculus,GSE126060,GSM3589987,,SRR8528194,SAMN10869533,,,"Sorkin et al, Nature Communications, 2020",https://pubmed.ncbi.nlm.nih.gov/32024825/,
Sorkin 2020,HO_CD47_treatedreplicate2,Tenotomy site of a burn/tenotomy mouse A partial-thickness scald burn injury was administered to animals cells recruited to injury site at day 21 ,tendon,,Mus musculus,GSE126060,GSM3589988,,SRR8528195,SAMN10869532,,,"Sorkin et al, Nature Communications, 2020",https://pubmed.ncbi.nlm.nih.gov/32024825/,
Sorkin 2020,HO_CD47_treatedreplicate3,Tenotomy site of a burn/tenotomy mouse A partial-thickness scald burn injury was administered to animals cells recruited to injury site at day 21 ,tendon,,Mus musculus,GSE126060,GSM3589989,,SRR8528196,SAMN10869531,,,"Sorkin et al, Nature Communications, 2020",https://pubmed.ncbi.nlm.nih.gov/32024825/,
Sorkin 2020,HODay0replicate4,Tenotomy site of a burn/tenotomy mouse A partial-thickness scald burn injury was administered to animals cells recruited to injury site at day 21 ,tendon,,Mus musculus,GSE126060,GSM4141558,,SRR8528197,SAMN10869530,,,"Sorkin et al, Nature Communications, 2020",https://pubmed.ncbi.nlm.nih.gov/32024825/,
Sorkin 2020,HODay7replicate4,Tenotomy site of a burn/tenotomy mouse A partial-thickness scald burn injury was administered to animals; CD47 activating peptide (10mg/kg i.p. daily) treated 3 days prior to injury and 3 days after injury. cells recruited to injury site at day 7 ,tendon,,Mus musculus,GSE126060,GSM4141559,,SRR8528198,SAMN10869529,,,"Sorkin et al, Nature Communications, 2020",https://pubmed.ncbi.nlm.nih.gov/32024825/,
Sorkin 2020,HODay21replicate4,Tenotomy site of a burn/tenotomy mouse A partial-thickness scald burn injury was administered to animals; CD47 activating peptide (10mg/kg i.p. daily) treated 3 days prior to injury and 3 days after injury. cells recruited to injury site at day 7 ,tendon,,Mus musculus,GSE126060,GSM4141560,,SRR8528199,SAMN10869528,,,"Sorkin et al, Nature Communications, 2020",https://pubmed.ncbi.nlm.nih.gov/32024825/,
Sorkin 2020,HO_CD47_treatedreplicate4,Tenotomy site of a burn/tenotomy mouse A partial-thickness scald burn injury was administered to animals; CD47 activating peptide (10mg/kg i.p. daily) treated 3 days prior to injury and 3 days after injury. cells recruited to injury site at day 7 ,tendon,,Mus musculus,GSE126060,GSM4141561,,SRR8528200,SAMN10869527,,,"Sorkin et al, Nature Communications, 2020",https://pubmed.ncbi.nlm.nih.gov/32024825/,
Penaloza 2019,Penaloza_Mesp1,Single-Cell RNA-seq of Skeletal Progenitors derived from Mesp1,muscle,,Mus musculus,GSE131734,GSM3814860,,SRR9117286,SAMN11843118,,,"Penaloza et al, Biochem Biophys Res Commun, 2019",https://pubmed.ncbi.nlm.nih.gov/31590918/,
S. He 2021,Muscle_cDNA,,,,Homo sapiens,GSE159929,GSM4850585,,SRR13075726,SAMN16523253,,,"He et al, Genome Biology, 2020",https://pubmed.ncbi.nlm.nih.gov/33287869/,5prime
Akbar 2021b,,tendon,,,Homo sapiens,NA,NA,,NA,NA,,,"Akbar et al, PNAS, 2021",https://pubmed.ncbi.nlm.nih.gov/34544860/,
Nakajima 2021,1_iPS,"Human iPS cell line, 1231A3",,,Homo sapiens,GSE156753,GSM4743488,,SRR12507504,SAMN15893659,,,"Najajima et al, Nature Communications, 20021",https://pubmed.ncbi.nlm.nih.gov/34408142/,
Nakajima 2021,2_PSM,iPS-derived presomitic mesoderm,,,Homo sapiens,GSE156753,GSM4743489,,SRR12507505,SAMN15893658,,,"Najajima et al, Nature Communications, 20021",https://pubmed.ncbi.nlm.nih.gov/34408142/,
Nakajima 2021,3_SM,iPS-derived somitic mesoderm,,,Homo sapiens,GSE156753,GSM4743490,,SRR12507506,SAMN15893657,,,"Najajima et al, Nature Communications, 20021",https://pubmed.ncbi.nlm.nih.gov/34408142/,
Nakajima 2021,4_SCL,iPS-derived sclerotome,,,Homo sapiens,GSE156753,GSM4743491,,SRR12507507,SAMN15893656,,,"Najajima et al, Nature Communications, 20021",https://pubmed.ncbi.nlm.nih.gov/34408142/,
Nakajima 2021,5_SYN_day2,iPS-derived syndetome,,,Homo sapiens,GSE156753,GSM4743492,,SRR12507508,SAMN15893654,,,"Najajima et al, Nature Communications, 20021",https://pubmed.ncbi.nlm.nih.gov/34408142/,
Nakajima 2021,6_SYN_day4,iPS-derived syndetome,,,Homo sapiens,GSE156753,GSM4743493,,SRR12507509,SAMN15893652,,,"Najajima et al, Nature Communications, 20021",https://pubmed.ncbi.nlm.nih.gov/34408142/,
Nakajima 2021,7_SYN_day6,iPS-derived syndetome,,,Homo sapiens,GSE156753,GSM4743494,,SRR12507510,SAMN15893651,,,"Najajima et al, Nature Communications, 20021",https://pubmed.ncbi.nlm.nih.gov/34408142/,
Nakajima 2021,8_SYN_day8,iPS-derived syndetome,,,Homo sapiens,GSE156753,GSM4743495,,SRR12507511,SAMN15893650,,,"Najajima et al, Nature Communications, 20021",https://pubmed.ncbi.nlm.nih.gov/34408142/,
Nakajima 2021,9_primary_tenocyte,primary tenocyte,,,Homo sapiens,GSE156753,GSM4743496,,SRR12507512,SAMN15893649,,,"Najajima et al, Nature Communications, 20021",https://pubmed.ncbi.nlm.nih.gov/34408142/,
Lee 2021,BTS_D7_1,Day 7 post Burn/Tenotomy with sham neurectomy injury site,,,Homo sapiens,GSE163446,GSM4979413,,SRR13268672; SRR13268673; SRR13268674; SRR13268675,SAMN17106059,,,"Lee et al, Nature Communications, 2021",https://pubmed.ncbi.nlm.nih.gov/34400627/,
Lee 2021,BTS_D7_2,Day 7 post Burn/Tenotomy with sham neurectomy injury site,,,Homo sapiens,GSE163446,GSM4979414,,SRR13268676; SRR13268677; SRR13268678; SRR13268679,SAMN17106058,,,"Lee et al, Nature Communications, 2021",https://pubmed.ncbi.nlm.nih.gov/34400627/,
Lee 2021,BTS_D7_3,Day 7 post Burn/Tenotomy with sham neurectomy injury site,,,Homo sapiens,GSE163446,GSM4979415,,SRR13268680; SRR13268681; SRR13268682; SRR13268683,SAMN17106057,,,"Lee et al, Nature Communications, 2021",https://pubmed.ncbi.nlm.nih.gov/34400627/,
Lee 2021,BTN_D7_1,Day 7 post Burn/Tenotomy with neurectomy injury site,,,Homo sapiens,GSE163446,GSM4979416,,SRR13268685; SRR13268686; SRR13268687,SAMN17106056,,,"Lee et al, Nature Communications, 2021",https://pubmed.ncbi.nlm.nih.gov/34400627/,
Lee 2021,BTN_D7_2,Day 7 post Burn/Tenotomy with neurectomy injury site,,,Homo sapiens,GSE163446,GSM4979417,,SRR13268688; SRR13268689; SRR13268690; SRR13268691,SAMN17106065,,,"Lee et al, Nature Communications, 2021",https://pubmed.ncbi.nlm.nih.gov/34400627/,
Lee 2021,BTN_D7_3,Day 7 post Burn/Tenotomy with neurectomy injury site,,,Homo sapiens,GSE163446,GSM4979418,,SRR13268692; SRR13268693; SRR13268694; SRR13268695,SAMN17106064,,,"Lee et al, Nature Communications, 2021",https://pubmed.ncbi.nlm.nih.gov/34400627/,
De Micheli 2020d,BL6_Ach_1,tendon,tendon,,Homo sapiens,GSE138515,GSM4110112,,SRR10239195,SAMN12984496,,,"De Micheli et al, Am J Physiol Cell Physiol, 2020",https://pubmed.ncbi.nlm.nih.gov/32877217/,
De Micheli 2020d,BL6_Ach_2,tendon,tendon,,Homo sapiens,GSE138515,GSM4110113,,SRR10239196,SAMN12984380,,,"De Micheli et al, Am J Physiol Cell Physiol, 2020",https://pubmed.ncbi.nlm.nih.gov/32877217/,
De Micheli 2020d,BL6_Ach_3,tendon,tendon,,Homo sapiens,GSE138515,GSM4110114,,SRR10239197,SAMN12984498,,,"De Micheli et al, Am J Physiol Cell Physiol, 2020",https://pubmed.ncbi.nlm.nih.gov/32877217/,
De Micheli 2020d,BL6_Ach_4,tendon,tendon,,Homo sapiens,GSE138515,GSM4110115,,SRR10239198,SAMN12984497,,,"De Micheli et al, Am J Physiol Cell Physiol, 2020",https://pubmed.ncbi.nlm.nih.gov/32877217/,
Scott 2019,Scott_qsnt,Single cell RNA-seq tdTomato MPs quiescent,muscle,,Mus musculus,GSE110037,GSM2976778,bam,SRR6664634,SAMN08455725,https://sra-download.ncbi.nlm.nih.gov/traces/sra59/SRZ/006664/SRR6664634/qsnt.bam,,"Scott et al, Cell Stem Cell, 2019",https://pubmed.ncbi.nlm.nih.gov/31809738/,v2
Scott 2019,Scott_d1,Single cell RNA-seq tdTomato MPs 1 day post notexin injury,muscle,,Mus musculus,GSE110037,GSM2976779,bam,SRR6664635,SAMN08455724,https://sra-download.ncbi.nlm.nih.gov/traces/sra59/SRZ/006664/SRR6664635/d1.bam,,"Scott et al, Cell Stem Cell, 2019",https://pubmed.ncbi.nlm.nih.gov/31809738/,v2
Scott 2019,Scott_d2,Single cell RNA-seq tdTomato MPs 2 day post notexin injury,muscle,,Mus musculus,GSE110037,GSM2976780,bam,SRR6664636,SAMN08455723,https://sra-download.ncbi.nlm.nih.gov/traces/sra59/SRZ/006664/SRR6664636/d2.bam,,"Scott et al, Cell Stem Cell, 2019",https://pubmed.ncbi.nlm.nih.gov/31809738/,v2
Scott 2019,Scott_d4,Single cell RNA-seq tdTomato MPs 4 day post notexin injury,muscle,,Mus musculus,GSE110037,GSM2976781,bam,SRR6664637,SAMN08455726,"	https://sra-download.ncbi.nlm.nih.gov/traces/sra59/SRZ/006664/SRR6664637/d4.bam",,"Scott et al, Cell Stem Cell, 2019",https://pubmed.ncbi.nlm.nih.gov/31809738/,v2
Scott 2019,Scott_d14,Single cell RNA-seq tdTomato MPs 14 day post notexin injury,muscle,,Mus musculus,GSE110037,GSM2976782,bam,SRR6664638,SAMN08455722,https://sra-download.ncbi.nlm.nih.gov/traces/sra59/SRZ/006664/SRR6664638/d14.bam,,"Scott et al, Cell Stem Cell, 2019",https://pubmed.ncbi.nlm.nih.gov/31809738/,v2
Proetti 2021,scDEN,"Denervated, 3 days; methanol-fixed",,,Mus musculus,NA,NA,fastq,SRR11574458; SRR11574462; SRR11574463; SRR11574464,SAMN14643565,,https://www.ncbi.nlm.nih.gov/Traces/study/?acc=SRP257509&o=acc_s%3Aa,"Proietti et al, JCI Insights, 2021",https://pubmed.ncbi.nlm.nih.gov/33661767/,v3.1
Proetti 2021,scCTR,,,,Mus musculus,NA,NA,fastq,SRR11574459; SRR11574460; SRR11574461; SRR11574465,SAMN14643564,,https://www.ncbi.nlm.nih.gov/Traces/study/?acc=SRP257509&o=acc_s%3Aa,"Proietti et al, JCI Insights, 2021",https://pubmed.ncbi.nlm.nih.gov/33661767/,v3.1
Bursac 2021,2D expanded cells,2D expanded CD56+ myogenic cells,,,Homo sapiens,GSE188215,GSM5672476,fastq,SRR16774171,SAMN22892805,,,unpublished,unpublished,v3
Bursac 2021,3-day differentiated myobundles,dissociated 3D engineered tissue (myobundle),,,Homo sapiens,GSE188215,GSM5672477,fastq,SRR16774172,SAMN22892807,,,unpublished,unpublished,v3
Bursac 2021,9-day differentiated myobundles,dissociated 3D engineered tissue (myobundle),,,Homo sapiens,GSE188215,GSM5672478,fastq,SRR16774173,SAMN22892809,,,unpublished,unpublished,v3
Bursac 2021,2 days post injury of 7-day differentiated myobundles,dissociated 3D engineered tissue (myobundle),,,Homo sapiens,GSE188215,GSM5672479,fastq,SRR16774174,SAMN22892811,,,unpublished,unpublished,v3
Bursac 2021,5 days post injury of 7-day differentiated myobundles,dissociated 3D engineered tissue (myobundle),,,Homo sapiens,GSE188215,GSM5672480,fastq,SRR16774175,SAMN22892813,,,unpublished,unpublished,v3
Fix 2021,16234X2 Young Ambulatory Control,,,,Mus musculus,GSE158987,GSM4816942,fastq,SRR12769462; SRR12769463,SAMN16362797,,,"Fix et al, Aging Cell, 2021",https://pubmed.ncbi.nlm.nih.gov/34365717/,
Fix 2021,17390X1 Young Hindlimb Unloading,,,,Mus musculus,GSE158987,GSM4816943,fastq,SRR12769464; SRR12769465,SAMN16362796,,,"Fix et al, Aging Cell, 2021",https://pubmed.ncbi.nlm.nih.gov/34365717/,
Fix 2021,17320X1 Young Reloading Day 4,,,,Mus musculus,GSE158987,GSM4816944,fastq,SRR12769466; SRR12769467,SAMN16362795,,,"Fix et al, Aging Cell, 2021",https://pubmed.ncbi.nlm.nih.gov/34365717/,
Fix 2021,16234X1 Old Ambulatory Control,,,,Mus musculus,GSE158987,GSM4816945,fastq,SRR12769468; SRR12769469,SAMN16362794,,,"Fix et al, Aging Cell, 2021",https://pubmed.ncbi.nlm.nih.gov/34365717/,
Fix 2021,17390X2 Old Hindlimb Unloading,,,,Mus musculus,GSE158987,GSM4816946,fastq,SRR12769470; SRR12769471,SAMN16362793,,,"Fix et al, Aging Cell, 2021",https://pubmed.ncbi.nlm.nih.gov/34365717/,
Fix 2021,17320X2 Old Reloading Day 4,,,,Mus musculus,GSE158987,GSM4816947,fastq,SRR12769472; SRR12769473,SAMN16362792,,,"Fix et al, Aging Cell, 2021",https://pubmed.ncbi.nlm.nih.gov/34365717/,
Yagi 2021,primary_fSCs,muscle stem cells freshly isolated from skeletal muscles; Skeletal muscles (8-10 weeks age of mice) not cultured in vitro (freshly isolated from in vivo),,,Mus musculus,GSE171039,GSM5217005,bam,SRR14092514,SAMN18524925,,,"Yagi et al, Genes Dev, 2021",https://pubmed.ncbi.nlm.nih.gov/34413137/,
Yagi 2021,expanded_cSCs,muscle stem cells cultured in vitro for 6 days; Skeletal muscles (8-10 weeks age of mice) cultured in satellite cell medium for 6 days,,,Mus musculus,GSE171039,GSM5217006,bam,SRR14092515,SAMN18524924,,,"Yagi et al, Genes Dev, 2021",https://pubmed.ncbi.nlm.nih.gov/34413137/,
Yagi 2021,diff_cSCs,muscle stem cells cultured in vitro for 2 days with horse serum; Skeletal muscles (8-10 weeks age of mice) cultured in satellite cell medium for 4 days then cultured in differentiating medium for 2 days,,,Mus musculus,GSE171039,GSM5217007,bam,SRR14092516,SAMN18524923,,,"Yagi et al, Genes Dev, 2021",https://pubmed.ncbi.nlm.nih.gov/34413137/,
Yagi 2021,MEF_Day0,Mouse embryonic fibroblasts (MEFs); E13.5 embryo cultured in MEF medium for 2 days,,,Mus musculus,GSE171039,GSM5217008,bam,SRR14092517,SAMN18524922,,,"Yagi et al, Genes Dev, 2021",https://pubmed.ncbi.nlm.nih.gov/34413137/,
Yagi 2021,MEF_Dox_Day2,Myocytes/Myotubes derived from MEFs; E13.5 embryo overexpressing MyoD for 2 days,,,Mus musculus,GSE171039,GSM5217009,bam,SRR14092518,SAMN18524921,,,"Yagi et al, Genes Dev, 2021",https://pubmed.ncbi.nlm.nih.gov/34413137/,
Yagi 2021,MEF_DoxFRG_Day2,"Muscle progenitor cells/Myocytes/Myotubes derived from MEFs; E13.5 embryo overexpressing MyoD in the presense of Forskolin, Repsox and GSK3 inhibitor (FRG) for 2 days",,,Mus musculus,GSE171039,GSM5217010,bam,SRR14092519,SAMN18524920,,,"Yagi et al, Genes Dev, 2021",https://pubmed.ncbi.nlm.nih.gov/34413137/,
Yagi 2021,MEF_DoxFRG_Day8,"Muscle progenitor cells/Myocytes/Myotubes derived from MEFs; E13.5 embryo overexpressing MyoD in the presense of Forskolin, Repsox and GSK3 inhibitor (FRG) for 8 days",,,Mus musculus,GSE171039,GSM5217011,bam,SRR14092520,SAMN18524919,,,"Yagi et al, Genes Dev, 2021",https://pubmed.ncbi.nlm.nih.gov/34413137/,
Yagi 2021,MEF_Dox_Day4,Myocytes/Myotubes derived from MEFs; E13.5 embryo overexpressing MyoD for 4 days,,,Mus musculus,GSE171039,GSM5217012,bam,SRR14092521,SAMN18524918,,,"Yagi et al, Genes Dev, 2021",https://pubmed.ncbi.nlm.nih.gov/34413137/,
Yagi 2021,MEF_DoxFRG_Day4,"Muscle progenitor cells/Myocytes/Myotubes derived from MEFs; E13.5 embryo overexpressing MyoD in the presense of Forskolin, Repsox and GSK3 inhibitor (FRG) for 4 days",,,Mus musculus,GSE171039,GSM5217013,bam,SRR14092522,SAMN18524917,,,"Yagi et al, Genes Dev, 2021",https://pubmed.ncbi.nlm.nih.gov/34413137/,
Yagi 2021,iMPCs,"Muscle progenitor cells derived from MEFs; E13.5 embryo overexpressing MyoD in the presense of Forskolin, Repsox and GSK3 inhibitor (FRG) for 10 days, Pax7-nGFP sorted by FACS",,,Mus musculus,GSE171039,GSM5217014,bam,SRR14092523,SAMN18524916,,,"Yagi et al, Genes Dev, 2021",https://pubmed.ncbi.nlm.nih.gov/34413137/,
Sivaraj 2021,BSC rep1,Bone stromal cells,bone,,Mus musculus,GSE156635,GSM4735393,fastq,SRR12492372,SAMN15877884,,,"Sivaraj et al, Cell Reports, 2021",https://pubmed.ncbi.nlm.nih.gov/34260921/,v2
Sivaraj 2021,BSC rep2,Bone stromal cells,bone,,Mus musculus,GSE156635,GSM4735394,fastq,SRR12492373,SAMN15877883,,,"Sivaraj et al, Cell Reports, 2021",https://pubmed.ncbi.nlm.nih.gov/34260921/,v2
Sivaraj 2021,BSC rep3,Bone stromal cells,bone,,Mus musculus,GSE156635,GSM4735395,fastq,SRR12492374,SAMN15877882,,,"Sivaraj et al, Cell Reports, 2021",https://pubmed.ncbi.nlm.nih.gov/34260921/,v2
Sivaraj 2021,BSC rep4,Bone stromal cells,bone,,Mus musculus,GSE156635,GSM4735396,fastq,SRR12492375,SAMN15877881,,,"Sivaraj et al, Cell Reports, 2021",https://pubmed.ncbi.nlm.nih.gov/34260921/,v2
Sivaraj 2021,rbGFP rep1,PdgfrbCre GFP+ cells; C57BL/6 : PdgfrbCreERT2; R26 mTmG,,,Mus musculus,GSE156635,GSM4735397,fastq,SRR12492376,SAMN15877880,,,"Sivaraj et al, Cell Reports, 2021",https://pubmed.ncbi.nlm.nih.gov/34260921/,v2
Sivaraj 2021,rbGFP rep2,PdgfrbCre GFP+ cells; C57BL/6 : PdgfrbCreERT2; R26 mTmG,,,Mus musculus,GSE156635,GSM4735398,fastq,SRR12492377,SAMN15877879,,,"Sivaraj et al, Cell Reports, 2021",https://pubmed.ncbi.nlm.nih.gov/34260921/,v2
Nie 2021,runx2b+/+ scRNA-seq,,,,Danio rerio,GSE186957,GSM5664292,fastq,,,,,unpublished,unpublished,
Nie 2021,runx2b-/- scRNA-seq,,,,Danio rerio,GSE186957,GSM5664293,fastq,SRR16681977,SAMN22822661,,,unpublished,unpublished,
Laplace-Builhe 2021,Cut caudal fin_scRNA,,,,Danio rerio,GSE158851,GSM4812243,fastq,SRR12749697; SRR12749698,SAMN16320526,,,"Laplace-Builhe et al, Nature Communications, 2021",https://pubmed.ncbi.nlm.nih.gov/34732706/,
Laplace-Builhe 2021,Uncut caudal fin_scRNA,,,,Danio rerio,GSE158851,GSM4812244,fastq,SRR12749699; SRR12749700,SAMN16320525,,,"Laplace-Builhe et al, Nature Communications, 2021",https://pubmed.ncbi.nlm.nih.gov/34732706/,
Ambrosi 2021,Old_PBS-treated,,,,Mus musculus,GSE172149,GSM5242734,fastq,SRR14243850,SAMN18747477,,,"Ambrosi et al, Nature, 2021",https://pubmed.ncbi.nlm.nih.gov/34381212/,v3.1
Ambrosi 2021,Old_Rescue_aCSF1_BMP2-treated,,,,Mus musculus,GSE172149,GSM5242735,fastq,SRR14243851,SAMN18747476,,,"Ambrosi et al, Nature, 2021",https://pubmed.ncbi.nlm.nih.gov/34381212/,v3.1
Zhao 2021,CT1,From control-diet fed maternal lean mice (CT),,,Mus musculus,GSE173994,GSM5284270,fastq,SRR14458796,SAMN19044146,,,"Zhao et al, Advanced Science, 2021",https://pubmed.ncbi.nlm.nih.gov/34647690/,v3
Zhao 2021,CT2,From control-diet fed maternal lean mice (CT),,,Mus musculus,GSE173994,GSM5284271,fastq,SRR14458797,SAMN19044144,,,"Zhao et al, Advanced Science, 2021",https://pubmed.ncbi.nlm.nih.gov/34647690/,v3
Zhao 2021,HFD1,From high-fat diet fed maternal obese mice (MO),,,Mus musculus,GSE173994,GSM5284272,fastq,SRR14458798,SAMN19044142,,,"Zhao et al, Advanced Science, 2021",https://pubmed.ncbi.nlm.nih.gov/34647690/,v3
Zhao 2021,HFD2,From high-fat diet fed maternal obese mice (MO),,,Mus musculus,GSE173994,GSM5284273,fastq,SRR14458799,SAMN19044141,,,"Zhao et al, Advanced Science, 2021",https://pubmed.ncbi.nlm.nih.gov/34647690/,v3
Shen 2021,MCY_Adult,CD45-Ter119-Tie2-Lepr-Cre+ cells; Long bones; Bone marrows and bone fragments; Nomal feeding,bone,,Mus musculus,GSE138689,GSM4116165,fastq,SRR10257243,SAMN13008864,,,unpublished,unpublished,v2
Shen 2021,MCY_Aging,CD45-Ter119-Tie2-Lepr-Cre+ cells; Long bones; Bone marrows and bone fragments; Nomal feeding,bone,,Mus musculus,GSE138689,GSM4116166,fastq,SRR10257244,SAMN13008863,,,unpublished,unpublished,v2
Shen 2021,MCY_Rosiglitazone,"CD45-Ter119-Tie2-Lepr-Cre+ cells; Long bones; Bone marrows and bone fragments; Fed with 20 g/kg rosiglitazone-containing chow at 5 weeks old, analyzed after 5 weeks",bone,,Mus musculus,GSE138689,GSM4116167,fastq,SRR10257245,SAMN13008870,,,unpublished,unpublished,v2
Shen 2021,MCY_Irradiation,"CD45-Ter119-Tie2-Lepr-Cre+ cells; Long bones; Bone marrows and bone fragments; Sub-lethally irradiated (5 Gy) at 7 weeks old, analyzed after one week",bone,,Mus musculus,GSE138689,GSM4116168,fastq,SRR10257246,SAMN13008867,,,unpublished,unpublished,v2
Shen 2021,MCY_Fracture,"CD45-Ter119-Tie2-Lepr-Cre+ cells; Long bones; Bone marrows and bone fragments; Femur fractured at 7 weeks old, analyzed after one week",bone,,Mus musculus,GSE138689,GSM4116169,fastq,SRR10257247,SAMN13008866,,,unpublished,unpublished,v2
Shen 2021,Prx1_BM,CD45-Ter119-Tie2-Prrx1-Cre+ Col2.3-GFP- cells; Long bones; Bone marrows and bone fragments; Nomal feeding,bone,,Mus musculus,GSE138689,GSM4116171,fastq,SRR10257249,SAMN13008869,,,unpublished,unpublished,v2
Shen 2021,MCY_Adult2,CD45-Ter119-Tie2-Lepr-Cre+ cells; Long bones; Bone marrows and bone fragments; Normal feeding,bone,,Mus musculus,GSE138689,GSM5594805,fastq,SRR16021511,SAMN21572422,,,unpublished,unpublished,v2
Shen 2021,MCY-IRRA,"CD45-Ter119-Tie2-Lepr-Cre+ cells; Long bones; Bone marrows and bone fragments; Sub-lethally irradiated (5 Gy) at 7 weeks old, analyzed after one week",bone,,Mus musculus,GSE138689,GSM5594806,fastq,SRR16021513,SAMN21572423,,,unpublished,unpublished,v2
J He 2021,CS13_limbbud_10x,,limb bud,,Homo sapiens,GSE173994,GSM4274188,fastq,SRR10901267,SAMN13869935,,,"He et al, Cell Research, 2021",https://pubmed.ncbi.nlm.nih.gov/33473154/,v2
J He 2021,CS15_limbbud_10x,,limb bud,,Homo sapiens,GSE173994,GSM4274189,fastq,SRR10901268,SAMN13869934,,,"He et al, Cell Research, 2021",https://pubmed.ncbi.nlm.nih.gov/33473154/,v2
J He 2021,CS15(2)_limbbud_10x,,limb bud,,Homo sapiens,GSE173994,GSM4274190,fastq,SRR10901269,SAMN13869933,,,"He et al, Cell Research, 2021",https://pubmed.ncbi.nlm.nih.gov/33473154/,v2
J He 2021,CS20_longbone_10x,,bone,,Homo sapiens,GSE173994,GSM4274191,fastq,SRR10901270,SAMN13869932,,,"He et al, Cell Research, 2021",https://pubmed.ncbi.nlm.nih.gov/33473154/,v2
J He 2021,CS22_longbone_10x,,bone,,Homo sapiens,GSE173994,GSM4274192,fastq,SRR10901271; SRR10901272; SRR10901273; SRR10901274,SAMN13869931,,,"He et al, Cell Research, 2021",https://pubmed.ncbi.nlm.nih.gov/33473154/,v2
J He 2021,CS22(2)_longbone_10x,,bone,,Homo sapiens,GSE173994,GSM4274193,fastq,SRR10901275,SAMN13869930,,,"He et al, Cell Research, 2021",https://pubmed.ncbi.nlm.nih.gov/33473154/,v2
J He 2021,CS23_calvarialbone_10x,,bone,,Homo sapiens,GSE173994,GSM4274194,fastq,SRR10901276,SAMN13869929,,,"He et al, Cell Research, 2021",https://pubmed.ncbi.nlm.nih.gov/33473154/,v2
J He 2021,CS23(2)_calvarialbone_10x,,bone,,Homo sapiens,GSE173994,GSM4609136,fastq,SRR11977450; SRR11977451; SRR11977452; SRR11977453,SAMN15198700,,,"He et al, Cell Research, 2021",https://pubmed.ncbi.nlm.nih.gov/33473154/,v2
Kelly 2019,E11.5,embryonic day 11.5,limb bud,,Mus musculus,GSE142425,GSM4227224,fastq,SRR10745783; SRR10745784,SAMN13653645,,,"Kelly et al, Matrix Biology, 2019",https://pubmed.ncbi.nlm.nih.gov/31874220/,v2
Kelly 2019,E13.5,embryonic day 13.5,limb bud,,Mus musculus,GSE142425,GSM4227225,fastq,SRR10745785; SRR10745786,SAMN13653635,,,"Kelly et al, Matrix Biology, 2019",https://pubmed.ncbi.nlm.nih.gov/31874220/,v2
Kelly 2019,E15.5,embryonic day 15.5,limb bud,,Mus musculus,GSE142425,GSM4227226,fastq,SRR10745787; SRR10745788,SAMN13653610,,,"Kelly et al, Matrix Biology, 2019",https://pubmed.ncbi.nlm.nih.gov/31874220/,v2
Kelly 2019,E18.5,embryonic day 18.5,limb bud,,Mus musculus,GSE142425,GSM4227227,fastq,SRR10745789; SRR10745790,SAMN13653580,,,"Kelly et al, Matrix Biology, 2019",https://pubmed.ncbi.nlm.nih.gov/31874220/,v2
Kwon 2021,S+-01,STAT1+/-Sox2Cre+/-; male,bone,,Mus musculus,GSE183404,GSM5556893,,SRR15713193,SAMN21216259,,,"Kwon et al, Development, 2021",https://pubmed.ncbi.nlm.nih.gov/34738614/,
Kwon 2021,S+-02,STAT1+/-Sox2Cre+/-; female,bone,,Mus musculus,GSE183404,GSM5556894,,SRR15713194,SAMN21216260,,,"Kwon et al, Development, 2021",https://pubmed.ncbi.nlm.nih.gov/34738614/,
Kwon 2021,S--01,STAT1-/-Sox2Cre+/-; male,bone,,Mus musculus,GSE183404,GSM5556895,,SRR15713195,SAMN21216261,,,"Kwon et al, Development, 2021",https://pubmed.ncbi.nlm.nih.gov/34738614/,
Kwon 2021,S--02,STAT1-/-Sox2Cre+/-; female,bone,,Mus musculus,GSE183404,GSM5556896,,SRR15713196,SAMN21216262,,,"Kwon et al, Development, 2021",https://pubmed.ncbi.nlm.nih.gov/34738614/,
Kwon 2021,KS+-01,PDGFRbD849V+/-STAT1+/-Sox2Cre+/-; female,bone,,Mus musculus,GSE183404,GSM5556897,,SRR15713197,SAMN21216263,,,"Kwon et al, Development, 2021",https://pubmed.ncbi.nlm.nih.gov/34738614/,
Kwon 2021,KS+-02,PDGFRbD849V+/-STAT1+/-Sox2Cre+/-; male,bone,,Mus musculus,GSE183404,GSM5556898,,SRR15713198; SRR15713199,SAMN21216264,,,"Kwon et al, Development, 2021",https://pubmed.ncbi.nlm.nih.gov/34738614/,
Kwon 2021,KS--01,PDGFRbD849V+/-STAT1-/-Sox2Cre+/-; female,bone,,Mus musculus,GSE183404,GSM5556899,,SRR15713200,SAMN21216266,,,"Kwon et al, Development, 2021",https://pubmed.ncbi.nlm.nih.gov/34738614/,
Kwon 2021,KS--02,PDGFRbD849V+/-STAT1-/-Sox2Cre+/-; male,bone,,Mus musculus,GSE183404,GSM5556900,,SRR15713201; SRR15713202,SAMN21216267,,,"Kwon et al, Development, 2021",https://pubmed.ncbi.nlm.nih.gov/34738614/,
Larouche 2021,Aged Uninjured MuSCs [d0_Aged],22-24 months; C57BL6J,muscle,,Mus musculus,GSE165978,GSM5059685,,SRR13610659,SAMN17761229,,,"Larouche et al, eLife, 2021",https://pubmed.ncbi.nlm.nih.gov/34323217/,v3
Larouche 2021,Aged MuSCs 3dpi,22-24 months; C57BL6J,muscle,,Mus musculus,GSE165978,GSM5059686,,SRR13610660,SAMN17761228,,,"Larouche et al, eLife, 2021",https://pubmed.ncbi.nlm.nih.gov/34323217/,v3
Larouche 2021,Aged MuSCs 7dpi,22-24 months; C57BL6J,muscle,,Mus musculus,GSE165978,GSM5059687,,SRR13610661,SAMN17761227,,,"Larouche et al, eLife, 2021",https://pubmed.ncbi.nlm.nih.gov/34323217/,v3
Larouche 2021,Aged Uninjured MuSCs [d0_Geriatric],26 months; C57BL6J,muscle,,Mus musculus,GSE165978,GSM5059688,,SRR13610662,SAMN17761226,,,"Larouche et al, eLife, 2021",https://pubmed.ncbi.nlm.nih.gov/34323217/,v3
Larouche 2021,Young Uninjured MuSCs [d0_Young],3-4 months; C57BL6J,muscle,,Mus musculus,GSE165978,GSM5059689,,SRR13610663,SAMN17761225,,,"Larouche et al, eLife, 2021",https://pubmed.ncbi.nlm.nih.gov/34323217/,v3
Larouche 2021,SOD1 Rescue MuSCs,10-12 months; SynTgSod1-/-,muscle,,Mus musculus,GSE165978,GSM5059690,,SRR13610664,SAMN17761224,,,"Larouche et al, eLife, 2021",https://pubmed.ncbi.nlm.nih.gov/34323217/,v3
Larouche 2021,SOD1 Knockout MuSCs,10-12 months; Sod1-/-,muscle,,Mus musculus,GSE165978,GSM5059691,,SRR13610665,SAMN17761223,,,"Larouche et al, eLife, 2021",https://pubmed.ncbi.nlm.nih.gov/34323217/,v3
Larouche 2021,Aged Uninjured MuSCs [d0_Aged_v2],22-24 months; C57BL6J,muscle,,Mus musculus,GSE165978,GSM5059692,,SRR13610666,SAMN17761222,,,"Larouche et al, eLife, 2021",https://pubmed.ncbi.nlm.nih.gov/34323217/,v2
Larouche 2021,Young Uninjured MuSCs [d0_Young_v2],3-4 months; C57BL6J,muscle,,Mus musculus,GSE165978,GSM5059693,,SRR13610667,SAMN17761244,,,"Larouche et al, eLife, 2021",https://pubmed.ncbi.nlm.nih.gov/34323217/,v2
Alkaslasi 2021,Cervical_M+F_rep1,pooled male and female; Cervical spinal cord,spinal cord,,Mus musculus,GSE167597,GSM5111192,,SRR13790640,SAMN18063059,,,"Alkaslasi et al, Nature Communications, 2021",https://pubmed.ncbi.nlm.nih.gov/33931636/,
Alkaslasi 2021,Thoracic_M+F_rep1,pooled male and female; Thoracic spinal cord,spinal cord,,Mus musculus,GSE167597,GSM5111193,,SRR13790641,SAMN18063058,,,"Alkaslasi et al, Nature Communications, 2021",https://pubmed.ncbi.nlm.nih.gov/33931636/,
Alkaslasi 2021,Lumbar/Sacral_M+F_rep1,pooled male and female; Lumbar and sacral spinal cord,spinal cord,,Mus musculus,GSE167597,GSM5111194,,SRR13790642,SAMN18063057,,,"Alkaslasi et al, Nature Communications, 2021",https://pubmed.ncbi.nlm.nih.gov/33931636/,
Alkaslasi 2021,Cervical_M_rep2,male; Cervical spinal cord,spinal cord,,Mus musculus,GSE167597,GSM5111195,,SRR13790643,SAMN18063056,,,"Alkaslasi et al, Nature Communications, 2021",https://pubmed.ncbi.nlm.nih.gov/33931636/,
Alkaslasi 2021,Thoracic_M_rep2,male; Thoracic spinal cord,spinal cord,,Mus musculus,GSE167597,GSM5111196,,SRR13790644,SAMN18063055,,,"Alkaslasi et al, Nature Communications, 2021",https://pubmed.ncbi.nlm.nih.gov/33931636/,
Alkaslasi 2021,Lumbar/Sacral_M_rep2,male; Lumbar and sacral spinal cord,spinal cord,,Mus musculus,GSE167597,GSM5111197,,SRR13790645,SAMN18063054,,,"Alkaslasi et al, Nature Communications, 2021",https://pubmed.ncbi.nlm.nih.gov/33931636/,
Alkaslasi 2021,Cervical_F_rep3,female; Cervical spinal cord,spinal cord,,Mus musculus,GSE167597,GSM5111198,,SRR13790646,SAMN18063053,,,"Alkaslasi et al, Nature Communications, 2021",https://pubmed.ncbi.nlm.nih.gov/33931636/,
Alkaslasi 2021,Thoracic_F_rep3,female; Thoracic spinal cord,spinal cord,,Mus musculus,GSE167597,GSM5111199,,SRR13790647,SAMN18063052,,,"Alkaslasi et al, Nature Communications, 2021",https://pubmed.ncbi.nlm.nih.gov/33931636/,
Alkaslasi 2021,Lumbar/Sacral_F_rep3,female; Lumbar and sacral spinal cord,spinal cord,,Mus musculus,GSE167597,GSM5111200,,SRR13790648,SAMN18063051,,,"Alkaslasi et al, Nature Communications, 2021",https://pubmed.ncbi.nlm.nih.gov/33931636/,
Machado 2021,Dissociated Muscle,#TODO,muscle,,Mus musculus,GSE163856,GSM4988787,,#TODO,#TODO,,,"Machado et al, Cell Stem Cell, 2021",https://pubmed.ncbi.nlm.nih.gov/33609440/,
Machado 2021,Injured Muscle,#TODO,muscle,,Mus musculus,GSE163856,GSM4988788,,#TODO,#TODO,,,"Machado et al, Cell Stem Cell, 2021",https://pubmed.ncbi.nlm.nih.gov/33609440/,
Machado 2021,Intact Muscle,#TODO,muscle,,Mus musculus,GSE163856,GSM4988789,,#TODO,#TODO,,,"Machado et al, Cell Stem Cell, 2021",https://pubmed.ncbi.nlm.nih.gov/33609440/,
Machado 2021,T0 MuSCs,#TODO,muscle,,Mus musculus,GSE163856,GSM4988790,,#TODO,#TODO,,,"Machado et al, Cell Stem Cell, 2021",https://pubmed.ncbi.nlm.nih.gov/33609440/,
Machado 2021,T2 MuSCs,#TODO,muscle,,Mus musculus,GSE163856,GSM4988791,,#TODO,#TODO,,,"Machado et al, Cell Stem Cell, 2021",https://pubmed.ncbi.nlm.nih.gov/33609440/,
Machado 2021,T4 MuSCs,#TODO,muscle,,Mus musculus,GSE163856,GSM4988792,,#TODO,#TODO,,,"Machado et al, Cell Stem Cell, 2021",https://pubmed.ncbi.nlm.nih.gov/33609440/,
Mundy 2021,Matrigel only,,#TODO,,Mus musculus,GSE157679,GSM4773188,fastq,SRR12610990; SRR12610991; SRR12610992; SRR12610993; SRR12610994; SRR12610995,SAMN16082934,,,"Mundy et al, Science Signaling, 2021",https://pubmed.ncbi.nlm.nih.gov/33563697/,v3
Mundy 2021,Matrigel/rhBMP2+IgG,,#TODO,,Mus musculus,GSE157679,GSM4773189,fastq,SRR12610996; SRR12610997; SRR12610998; SRR12610999; SRR12611000; SRR12611001,SAMN16082932,,,"Mundy et al, Science Signaling, 2021",https://pubmed.ncbi.nlm.nih.gov/33563697/,v3
Mundy 2021,Matrigel/rhBMP2+nAct Ab,,#TODO,,Mus musculus,GSE157679,GSM4773190,fastq,SRR12611002; SRR12611003; SRR12611004; SRR12611005; SRR12611006; SRR12611007,SAMN16082931,,,"Mundy et al, Science Signaling, 2021",https://pubmed.ncbi.nlm.nih.gov/33563697/,v3
Gitler 2020,replicate1_male_female,,spinal cord,,Mus musculus,GSE161621,GSM4911289,fastq,SRR13073639; SRR13073640; SRR13073641; SRR13073642,SAMN16816776,,,unpublished,unpublished,v3
Gitler 2020,replicate2a_male_female,,spinal cord,,Mus musculus,GSE161621,GSM4911290,fastq,SRR13073643; SRR13073644; SRR13073645; SRR13073646,SAMN16816775,,,unpublished,unpublished,v3
Gitler 2020,replicate2b_male_female,,spinal cord,,Mus musculus,GSE161621,GSM4911291,fastq,SRR13073647; SRR13073648; SRR13073649; SRR13073650,SAMN16816774,,,unpublished,unpublished,v3
Gitler 2020,replicate3_female,,spinal cord,,Mus musculus,GSE161621,GSM4911292,fastq,SRR13073651; SRR13073652; SRR13073653; SRR13073654,SAMN16816773,,,unpublished,unpublished,v3
Gitler 2020,replicate4_male,,spinal cord,,Mus musculus,GSE161621,GSM4911293,fastq,SRR13073655SRR13073656SRR13073657SRR13073658,SAMN16816772,,,unpublished,unpublished,v3
Gitler 2020,replicate5_female,,spinal cord,,Mus musculus,GSE161621,GSM4911294,fastq,SRR13073659,SAMN16816771,,,unpublished,unpublished,v3
Ratnayake 2021,PN2_1dpi_mpeg1_mcherry_R1,,muscle,,Danio rerio,GSE162979,GSM4969710,fastq,SRR13238430; SRR13238431; SRR13238432; SRR13238433,SAMN17052270,,,"Ratnayake et al, Nature, 2021",https://pubmed.ncbi.nlm.nih.gov/33568815/,CelSeq2
Ratnayake 2022,PN3_2dpi_mpeg1_mcherry_R1,,muscle,,Danio rerio,GSE162979,GSM4969711,fastq,SRR13238434; SRR13238435; SRR13238436; SRR13238437,SAMN17052269,,,"Ratnayake et al, Nature, 2021",https://pubmed.ncbi.nlm.nih.gov/33568815/,CelSeq2
Ratnayake 2023,PN4_3dpi_mpeg1_mcherry_R1,,muscle,,Danio rerio,GSE162979,GSM4969712,fastq,SRR13238438; SRR13238439; SRR13238440; SRR13238441,SAMN17052268,,,"Ratnayake et al, Nature, 2021",https://pubmed.ncbi.nlm.nih.gov/33568815/,CelSeq2
Ratnayake 2024,PN5_1dpi_mpeg1_mcherry_R2,,muscle,,Danio rerio,GSE162979,GSM4969713,fastq,SRR13238442; SRR13238443; SRR13238444; SRR13238445,SAMN17052267,,,"Ratnayake et al, Nature, 2021",https://pubmed.ncbi.nlm.nih.gov/33568815/,CelSeq2
Ratnayake 2025,PN7_3dpi_mpeg1_mcherry_R2,,muscle,,Danio rerio,GSE162979,GSM4969714,fastq,SRR13238446; SRR13238447; SRR13238448; SRR13238449,SAMN17052266,,,"Ratnayake et al, Nature, 2021",https://pubmed.ncbi.nlm.nih.gov/33568815/,CelSeq2
Ratnayake 2026,PN8_4dpf_uninjured_mpeg1_mcherry_R2,,muscle,,Danio rerio,GSE162979,GSM4969715,fastq,SRR13238450,SAMN17052265,,,"Ratnayake et al, Nature, 2021",https://pubmed.ncbi.nlm.nih.gov/33568815/,CelSeq2
X Fu 2020,control veh,,bone,,Mus musculus,GSE150291,GSM4546352,bam,SRR11770269,SAMN14888343,,,"X Fu et al, Signal Transduct Target Ther, 2020",https://pubmed.ncbi.nlm.nih.gov/33361757/,v3
X Fu 2020,control PTH,,bone,,Mus musculus,GSE150291,GSM4546353,bam,SRR11770270,SAMN14888342,,,"X Fu et al, Signal Transduct Target Ther, 2020",https://pubmed.ncbi.nlm.nih.gov/33361757/,v3
X Fu 2020,cKO veh,,bone,,Mus musculus,GSE150291,GSM4546354,bam,SRR11770271,SAMN14888341,,,"X Fu et al, Signal Transduct Target Ther, 2020",https://pubmed.ncbi.nlm.nih.gov/33361757/,v3
X Fu 2020,cKO PTH,,bone,,Mus musculus,GSE150291,GSM4546355,bam,SRR11770272,SAMN14888340,,,"X Fu et al, Signal Transduct Target Ther, 2020",https://pubmed.ncbi.nlm.nih.gov/33361757/,v3
Fang 2021,Neonatal dermal cells,Neonatal skin,skin,,Mus musculus,GSE158691,GSM4805558,fastq,SRR12734268,SAMN16283199,,,"Fang et al, Nat Biomed Eng, 2021",https://pubmed.ncbi.nlm.nih.gov/33737730/,v3
Fang 2021,Neonatal dermal cells with FR treatment,Neonatal skin,skin,,Mus musculus,GSE158691,GSM4805560,fastq,SRR12734269,SAMN16283198,,,"Fang et al, Nat Biomed Eng, 2021",https://pubmed.ncbi.nlm.nih.gov/33737730/,v3
Fang 2021,Adult dermal cells with FR treatment,Adult skin,skin,,Mus musculus,GSE158691,GSM4805563,fastq,SRR12734270,SAMN16283197,,,"Fang et al, Nat Biomed Eng, 2021",https://pubmed.ncbi.nlm.nih.gov/33737730/,v3
Fang 2021,Hindlimb skeletal muscle stromal cells,Adult hindlimb muscle,muscle,,Mus musculus,GSE158691,GSM4805565,fastq,SRR12734271,SAMN16283196,,,"Fang et al, Nat Biomed Eng, 2021",https://pubmed.ncbi.nlm.nih.gov/33737730/,v3
Ritchie 2020,MuSC 10 percent library,illumina & nanopore sequencing,muscle,,Mus musculus,GSE154868,GSM4681738,fastq,SRR12282454; SRR12282455,SAMN15594467,,,unpublished,unpublished,v2
Ritchie 2020,MuSC 90 percent library,illumina only,muscle,,Mus musculus,GSE154868,GSM4681739,fastq,SRR12282456,SAMN15594465,,,unpublished,unpublished,v2
Al-Barghouthi 2021,Bone marrow-derived stromal cells,Bone marrow-derived stromal cells cultured from femoral bone marrow,bone,,Mus musculus,GSE152806,GSM4626772,fastq,SRR12053313; SRR12053314; SRR12053315; SRR12053316,SAMN15325041,,,"Al-Barghouthi et al, Nature Communications, 2021",https://pubmed.ncbi.nlm.nih.gov/34099702/,v2
Baht 2020,Uninjured Control,,muscle,,Mus musculus,GSE145236,GSM4319248,bam,SRR11107252,SAMN14128630,,,"Baht et al, Nat Metab, 2020",https://pubmed.ncbi.nlm.nih.gov/32694780/,
Baht 2020,Injured (1d),Treatment protocol IM injection of 1.2% BaCl,muscle,,Mus musculus,GSE145236,GSM4319249,bam,SRR11107253,SAMN14128629,,,"Baht et al, Nat Metab, 2020",https://pubmed.ncbi.nlm.nih.gov/32694780/,
H Xi 2020,Emb Wk5 AP32,,muscle,,Homo sapiens,GSE147457,GSM4431280,,SRR11402937,SAMN14439353,,,"H Xi et al, Cell Stem Cell, 2020",https://pubmed.ncbi.nlm.nih.gov/32619514/,Drop-seq
H Xi 2020,Emb Wk5 AP37,,muscle,,Homo sapiens,GSE147457,GSM4431281,,SRR11402938,SAMN14439352,,,"H Xi et al, Cell Stem Cell, 2020",https://pubmed.ncbi.nlm.nih.gov/32619514/,Drop-seq
H Xi 2020,Emb Wk6 AP5,,muscle,,Homo sapiens,GSE147457,GSM4431282,,SRR11402939,SAMN14439351,,,"H Xi et al, Cell Stem Cell, 2020",https://pubmed.ncbi.nlm.nih.gov/32619514/,Drop-seq
H Xi 2020,Emb Wk6 AP13,,muscle,,Homo sapiens,GSE147457,GSM4431283,,SRR11402940,SAMN14439350,,,"H Xi et al, Cell Stem Cell, 2020",https://pubmed.ncbi.nlm.nih.gov/32619514/,Drop-seq
H Xi 2020,Emb Wk6.5 AP22,,muscle,,Homo sapiens,GSE147457,GSM4431284,,SRR11402941,SAMN14439349,,,"H Xi et al, Cell Stem Cell, 2020",https://pubmed.ncbi.nlm.nih.gov/32619514/,Drop-seq
H Xi 2020,Emb Wk7 AP6,,muscle,,Homo sapiens,GSE147457,GSM4431285,,SRR11402942,SAMN14439347,,,"H Xi et al, Cell Stem Cell, 2020",https://pubmed.ncbi.nlm.nih.gov/32619514/,Drop-seq
H Xi 2020,Emb Wk7 AP24,,muscle,,Homo sapiens,GSE147457,GSM4431286,,SRR11402943,SAMN14439346,,,"H Xi et al, Cell Stem Cell, 2020",https://pubmed.ncbi.nlm.nih.gov/32619514/,Drop-seq
H Xi 2020,Emb Wk7 AP30,,muscle,,Homo sapiens,GSE147457,GSM4431287,,SRR11402944,SAMN14439345,,,"H Xi et al, Cell Stem Cell, 2020",https://pubmed.ncbi.nlm.nih.gov/32619514/,Drop-seq
H Xi 2020,Emb Wk7.25 AP29,,muscle,,Homo sapiens,GSE147457,GSM4431288,,SRR11402945,SAMN14439344,,,"H Xi et al, Cell Stem Cell, 2020",https://pubmed.ncbi.nlm.nih.gov/32619514/,Drop-seq
H Xi 2020,Emb Wk7.25 AP38,,muscle,,Homo sapiens,GSE147457,GSM4431289,,SRR11402946,SAMN14439343,,,"H Xi et al, Cell Stem Cell, 2020",https://pubmed.ncbi.nlm.nih.gov/32619514/,Drop-seq
H Xi 2020,Emb Wk7.75 AP10,,muscle,,Homo sapiens,GSE147457,GSM4431290,,SRR11402947,SAMN14439348,,,"H Xi et al, Cell Stem Cell, 2020",https://pubmed.ncbi.nlm.nih.gov/32619514/,Drop-seq
H Xi 2020,Fet Wk9 AP14,,muscle,,Homo sapiens,GSE147457,GSM4431291,,SRR11402948,SAMN14439342,,,"H Xi et al, Cell Stem Cell, 2020",https://pubmed.ncbi.nlm.nih.gov/32619514/,Drop-seq
H Xi 2020,Fet Wk9 AP36,,muscle,,Homo sapiens,GSE147457,GSM4431292,,SRR11402949,SAMN14439341,,,"H Xi et al, Cell Stem Cell, 2020",https://pubmed.ncbi.nlm.nih.gov/32619514/,Drop-seq
H Xi 2020,Fet Wk12 AP23,,muscle,,Homo sapiens,GSE147457,GSM4431293,,SRR11402950,SAMN14439340,,,"H Xi et al, Cell Stem Cell, 2020",https://pubmed.ncbi.nlm.nih.gov/32619514/,Drop-seq
H Xi 2020,Fet Wk14 AP25,,muscle,,Homo sapiens,GSE147457,GSM4431294,,SRR11402951,SAMN14439373,,,"H Xi et al, Cell Stem Cell, 2020",https://pubmed.ncbi.nlm.nih.gov/32619514/,Drop-seq
H Xi 2020,Fet Wk17 AP17,,muscle,,Homo sapiens,GSE147457,GSM4431295,,SRR11402952,SAMN14439372,,,"H Xi et al, Cell Stem Cell, 2020",https://pubmed.ncbi.nlm.nih.gov/32619514/,Drop-seq
H Xi 2020,Fet Wk18 AP16,,muscle,,Homo sapiens,GSE147457,GSM4431296,,SRR11402953,SAMN14439371,,,"H Xi et al, Cell Stem Cell, 2020",https://pubmed.ncbi.nlm.nih.gov/32619514/,Drop-seq
H Xi 2020,Juv Yr7 AP11,,muscle,,Homo sapiens,GSE147457,GSM4431297,,SRR11402954,SAMN14439370,,,"H Xi et al, Cell Stem Cell, 2020",https://pubmed.ncbi.nlm.nih.gov/32619514/,Drop-seq
H Xi 2020,Juv Yr11 AP34,,muscle,,Homo sapiens,GSE147457,GSM4431298,,SRR11402955,SAMN14439369,,,"H Xi et al, Cell Stem Cell, 2020",https://pubmed.ncbi.nlm.nih.gov/32619514/,Drop-seq
H Xi 2020,Adt Yr34 AP20,,muscle,,Homo sapiens,GSE147457,GSM4431299,,SRR11402956,SAMN14439368,,,"H Xi et al, Cell Stem Cell, 2020",https://pubmed.ncbi.nlm.nih.gov/32619514/,Drop-seq
H Xi 2020,Adt Yr42 AP28,,muscle,,Homo sapiens,GSE147457,GSM4431300,,SRR11402957,SAMN14439367,,,"H Xi et al, Cell Stem Cell, 2020",https://pubmed.ncbi.nlm.nih.gov/32619514/,Drop-seq
H Xi 2020,HX D20 GFP+ HX5,,psc-derived,,Homo sapiens,GSE147457,GSM4431301,,SRR11402958,SAMN14439366,,,"H Xi et al, Cell Stem Cell, 2020",https://pubmed.ncbi.nlm.nih.gov/32619514/,Drop-seq
H Xi 2020,HX D21 Live HX16,,psc-derived,,Homo sapiens,GSE147457,GSM4431302,,SRR11402959,SAMN14439365,,,"H Xi et al, Cell Stem Cell, 2020",https://pubmed.ncbi.nlm.nih.gov/32619514/,Drop-seq
H Xi 2020,HX D27 GFP+ HX7,,psc-derived,,Homo sapiens,GSE147457,GSM4431303,,SRR11402960,SAMN14439364,,,"H Xi et al, Cell Stem Cell, 2020",https://pubmed.ncbi.nlm.nih.gov/32619514/,Drop-seq
H Xi 2020,HX D27 Live HX8,,psc-derived,,Homo sapiens,GSE147457,GSM4431304,,SRR11402961,SAMN14439363,,,"H Xi et al, Cell Stem Cell, 2020",https://pubmed.ncbi.nlm.nih.gov/32619514/,Drop-seq
H Xi 2020,HX D35 GFP+ HX19,,psc-derived,,Homo sapiens,GSE147457,GSM4431305,,SRR11402962,SAMN14439362,,,"H Xi et al, Cell Stem Cell, 2020",https://pubmed.ncbi.nlm.nih.gov/32619514/,Drop-seq
H Xi 2020,HX D35 E+N+H- HX20,,psc-derived,,Homo sapiens,GSE147457,GSM4431306,,SRR11402963,SAMN14439377,,,"H Xi et al, Cell Stem Cell, 2020",https://pubmed.ncbi.nlm.nih.gov/32619514/,Drop-seq
H Xi 2020,HX D35 Live HX21,,psc-derived,,Homo sapiens,GSE147457,GSM4431307,,SRR11402964,SAMN14439376,,,"H Xi et al, Cell Stem Cell, 2020",https://pubmed.ncbi.nlm.nih.gov/32619514/,Drop-seq
H Xi 2020,HX D41 GFP+ HX9,,psc-derived,,Homo sapiens,GSE147457,GSM4431308,,SRR11402965,SAMN14439375,,,"H Xi et al, Cell Stem Cell, 2020",https://pubmed.ncbi.nlm.nih.gov/32619514/,Drop-seq
H Xi 2020,HX D41 Live HX10,,psc-derived,,Homo sapiens,GSE147457,GSM4431309,,SRR11402966,SAMN14439374,,,"H Xi et al, Cell Stem Cell, 2020",https://pubmed.ncbi.nlm.nih.gov/32619514/,Drop-seq
H Xi 2020,HX D55 GFP+ HX11,,psc-derived,,Homo sapiens,GSE147457,GSM4431310,,SRR11402967,SAMN14439361,,,"H Xi et al, Cell Stem Cell, 2020",https://pubmed.ncbi.nlm.nih.gov/32619514/,Drop-seq
H Xi 2020,HX D55 Live HX12,,psc-derived,,Homo sapiens,GSE147457,GSM4431311,,SRR11402968,SAMN14439360,,,"H Xi et al, Cell Stem Cell, 2020",https://pubmed.ncbi.nlm.nih.gov/32619514/,Drop-seq
H Xi 2020,JC D34 GFP+ JC1,,psc-derived,,Homo sapiens,GSE147457,GSM4431312,,SRR11402969,SAMN14439359,,,"H Xi et al, Cell Stem Cell, 2020",https://pubmed.ncbi.nlm.nih.gov/32619514/,Drop-seq
H Xi 2020,JC D34 E+N+H- JC2,,psc-derived,,Homo sapiens,GSE147457,GSM4431313,,SRR11402970,SAMN14439358,,,"H Xi et al, Cell Stem Cell, 2020",https://pubmed.ncbi.nlm.nih.gov/32619514/,Drop-seq
H Xi 2020,JC D34 Live JC3,,psc-derived,,Homo sapiens,GSE147457,GSM4431314,,SRR11402971,SAMN14439357,,,"H Xi et al, Cell Stem Cell, 2020",https://pubmed.ncbi.nlm.nih.gov/32619514/,Drop-seq
H Xi 2020,MS D48 GFP+ MS2,,psc-derived,,Homo sapiens,GSE147457,GSM4431315,,SRR11402972,SAMN14439356,,,"H Xi et al, Cell Stem Cell, 2020",https://pubmed.ncbi.nlm.nih.gov/32619514/,Drop-seq
H Xi 2020,MS D48 E+N+H- MS3,,psc-derived,,Homo sapiens,GSE147457,GSM4431316,,SRR11402973,SAMN14439355,,,"H Xi et al, Cell Stem Cell, 2020",https://pubmed.ncbi.nlm.nih.gov/32619514/,Drop-seq
H Xi 2020,MS D43 Live MS5,,psc-derived,,Homo sapiens,GSE147457,GSM4431317,,SRR11402974,SAMN14439354,,,"H Xi et al, Cell Stem Cell, 2020",https://pubmed.ncbi.nlm.nih.gov/32619514/,Drop-seq
Jiang 2020,Day_3_FSHD2_2_R1,FSHD2-2,muscle,,Homo sapiens,GSE143452,GSM4259678,fastq,SRR10870711,SAMN13825256,,,"Jiang et al, PLoS Genetics, 2020",https://pubmed.ncbi.nlm.nih.gov/32365093/,ddSeq
Jiang 2020,Day_3_FSHD2_2_R2,FSHD2-2,muscle,,Homo sapiens,GSE143452,GSM4259679,fastq,SRR10870712,SAMN13825255,,,"Jiang et al, PLoS Genetics, 2020",https://pubmed.ncbi.nlm.nih.gov/32365093/,ddSeq
Jiang 2020,Day_3_Control_2_R1,Control-2,muscle,,Homo sapiens,GSE143452,GSM4259680,fastq,SRR10870713,SAMN13825254,,,"Jiang et al, PLoS Genetics, 2020",https://pubmed.ncbi.nlm.nih.gov/32365093/,ddSeq
Jiang 2020,Day_3_Control_2_R2,Control-2,muscle,,Homo sapiens,GSE143452,GSM4259681,fastq,SRR10870714,SAMN13825253,,,"Jiang et al, PLoS Genetics, 2020",https://pubmed.ncbi.nlm.nih.gov/32365093/,ddSeq
Jiang 2020,Day_5_FSHD2_2_R1,FSHD2-2,muscle,,Homo sapiens,GSE143452,GSM4259682,fastq,SRR10870715,SAMN13825252,,,"Jiang et al, PLoS Genetics, 2020",https://pubmed.ncbi.nlm.nih.gov/32365093/,ddSeq
Jiang 2020,Day_5_FSHD2_2_R2,FSHD2-2,muscle,,Homo sapiens,GSE143452,GSM4259683,fastq,SRR10870716,SAMN13825251,,,"Jiang et al, PLoS Genetics, 2020",https://pubmed.ncbi.nlm.nih.gov/32365093/,ddSeq
Jiang 2020,Day_5_Control_2_R1,Control-2,muscle,,Homo sapiens,GSE143452,GSM4259684,fastq,SRR10870717,SAMN13825250,,,"Jiang et al, PLoS Genetics, 2020",https://pubmed.ncbi.nlm.nih.gov/32365093/,ddSeq
Jiang 2020,Day_5_Control_2_R2,Control-2,muscle,,Homo sapiens,GSE143452,GSM4259685,fastq,SRR10870718,SAMN13825249,,,"Jiang et al, PLoS Genetics, 2020",https://pubmed.ncbi.nlm.nih.gov/32365093/,ddSeq
Ono 2020,Prrx1cre_E115, Prrx1-cre; R26R(tdTomato/+),limb bud,,Mus musculus,GSE144411,GSM4287667,fastq,NOT_PUBLIC,SAMN13938142,,,unpublished,unpublished,v3
Sacher 2019,HH25 scRNA-seq,Whole autopod; HH25,limb bud,,Gallus gallus,GSE130439,GSM3738693,fastq,SRR8985028; SRR8985029; SRR8985030; SRR8985031; SRR8985032; SRR8985033; SRR8985034; SRR8985035,SAMN11526604,,,"Sacher et al, Matrix Biol Plus, 2021",https://pubmed.ncbi.nlm.nih.gov/34195598/,v2
Sacher 2019,HH29 scRNA-seq,Digits 3 and 4; HH29,limb bud,,Gallus gallus,GSE130439,GSM3738694,fastq,SRR8985036; SRR8985037; SRR8985038,SAMN11526603,,,"Sacher et al, Matrix Biol Plus, 2021",https://pubmed.ncbi.nlm.nih.gov/34195598/,Drop-seq
Sacher 2019,HH31 scRNA-seq,Tip of digit 4; HH31,limb bud,,Gallus gallus,GSE130439,GSM3738695,fastq,SRR8985039; SRR8985040; SRR8985041; SRR8985042; SRR8985043; SRR8985044; SRR8985045; SRR8985046,SAMN11526602,,,"Sacher et al, Matrix Biol Plus, 2021",https://pubmed.ncbi.nlm.nih.gov/34195598/,v2
Sommerfeld 2019,ECM,urinary bladder matrix,muscle,,Mus musculus,GSE138027,GSM4096943,bam,SRR10186720,SAMN12851009,,,"Sommerfeld et al, Scie Immunol, 2019",https://pubmed.ncbi.nlm.nih.gov/31604843/,v2
Sommerfeld 2019,saline,saline,muscle,,Mus musculus,GSE138027,GSM4096944,bam,SRR10186721,SAMN12851008,,,"Sommerfeld et al, Scie Immunol, 2019",https://pubmed.ncbi.nlm.nih.gov/31604843/,v2
Sommerfeld 2019,PCL,polycaprolactone,muscle,,Mus musculus,GSE138027,GSM4096945,bam,SRR10186722,SAMN12851007,,,"Sommerfeld et al, Scie Immunol, 2019",https://pubmed.ncbi.nlm.nih.gov/31604843/,v2
Incitti 2019,Adult satellite cells single-cell RNA-Seq,ES-derived myogenic progenitors,psc-derived,,Mus musculus,GSE121469,GSM3436818,fastq,SRR8078715,SAMN10258822,,,"Incitti et al, PNAS, 2019",https://pubmed.ncbi.nlm.nih.gov/30760602/,
Incitti 2019,iPax3 single-cell RNA-Seq,ES-derived myogenic progenitors,psc-derived,,Mus musculus,GSE121469,GSM3436819,fastq,SRR8078716,SAMN10258821,,,"Incitti et al, PNAS, 2019",https://pubmed.ncbi.nlm.nih.gov/30760602/,
Incitti 2019,"iPax3 single-cell RNA-Seq, 2",ES-derived myogenic progenitors,psc-derived,,Mus musculus,GSE121469,GSM3494414,fastq,SRR8256805; SRR8256806,SAMN10492612,,,"Incitti et al, PNAS, 2019",https://pubmed.ncbi.nlm.nih.gov/30760602/,
van den Heuvel 2019,FSHD1.1,FSHD1 patient-derived primary myocytes,muscle,,Homo sapiens,GSE122873,GSM3487556,fastq,SRR8239853,SAMN10473098,,,"van den Heuvel et al, Hum Mol Genet, 2019",https://pubmed.ncbi.nlm.nih.gov/30445587/,v1
van den Heuvel 2019,FSHD1.2,FSHD1 patient-derived primary myocytes,muscle,,Homo sapiens,GSE122873,GSM3487557,fastq,SRR8239854,SAMN10473103,,,"van den Heuvel et al, Hum Mol Genet, 2019",https://pubmed.ncbi.nlm.nih.gov/30445587/,v1
van den Heuvel 2019,FSHD2.1,FSHD2 patient-derived primary myocytes,muscle,,Homo sapiens,GSE122873,GSM3487558,fastq,SRR8239855,SAMN10473102,,,"van den Heuvel et al, Hum Mol Genet, 2019",https://pubmed.ncbi.nlm.nih.gov/30445587/,v1
van den Heuvel 2019,FSHD2.2,FSHD2 patient-derived primary myocytes,muscle,,Homo sapiens,GSE122873,GSM3487559,fastq,SRR8239856,SAMN10473101,,,"van den Heuvel et al, Hum Mol Genet, 2019",https://pubmed.ncbi.nlm.nih.gov/30445587/,v1
van den Heuvel 2019,CTRL.1,Healthy control individual-derived primary myocytes,muscle,,Homo sapiens,GSE122873,GSM3487560,fastq,SRR8239857,SAMN10473100,,,"van den Heuvel et al, Hum Mol Genet, 2019",https://pubmed.ncbi.nlm.nih.gov/30445587/,v1
van den Heuvel 2019,CTRL.2,Healthy control individual-derived primary myocytes,muscle,,Homo sapiens,GSE122873,GSM3487561,fastq,SRR8239858,SAMN10473099,,,"van den Heuvel et al, Hum Mol Genet, 2019",https://pubmed.ncbi.nlm.nih.gov/30445587/,v1
Elliott 2020,E11.5_MNP,epithelium and mesenchyme of mandibular prominence including developing tongue bud.,bone,,Mus musculus,GSE141173,GSM4196529,bam,SRR10560003,SAMN13428587,,,"Elliott et al, elife, 2020",https://pubmed.ncbi.nlm.nih.gov/33006313/,
Elliott 2020,E13.5_MNP,epithelium and mesenchyme of mandibular prominence including developing tongue and skeletal elements,bone,,Mus musculus,GSE141173,GSM4196530,bam,SRR10560004,SAMN13428588,,,"Elliott et al, elife, 2020",https://pubmed.ncbi.nlm.nih.gov/33006313/,
,,,,,,,,,,,,,,,
Tabula Sapiens 2021,,,,,Homo sapiens,,,,,,,https://registry.opendata.aws/tabula-sapiens/,"Tabula Sapiens Consortium et al, bioRxiv, 2021",https://www.biorxiv.org/content/10.1101/2021.07.19.452956v2,
Akbar 2021a,,tendon (#TODO: compare with Akar 2020b),,,Homo sapiens,,,,,,,,"Akbar et al, Ann Rheum Dis, 2021",https://pubmed.ncbi.nlm.nih.gov/34001518/,
Walter unpublished,,#TODO: transfer new datasets onto cluster,,,,,,,,,,,,,
,,,,,,,,,,,,,,,
Buechler 2021,,,,,,,,,,,,https://www.ebi.ac.uk/arrayexpress/experiments/E-MTAB-10324/,"Buechler et al, Nature, 221",https://pubmed.ncbi.nlm.nih.gov/33981032/,
Mournetas 2021,,,,,Homo sapiens,,,,,,,https://www.ebi.ac.uk/arrayexpress/experiments/E-MTAB-9510/,"Mournetas et al, Journal of Cachexia, Sarcopenia and Muscle, 2021",https://pubmed.ncbi.nlm.nih.gov/33586340/,
Xu 2021,,,,,Mus musculus,,,,,,,Couldn't find data availability info,"Xu et al, Journal of Cachexia, Sarcopenia and Muscle, 2021",https://pubmed.ncbi.nlm.nih.gov/33244879/,
Kendal 2020,,tendon,,,Mus musculus,,,,,,,Couldn't find data availability info,"Kendal et al, Sci Rep, 2020",https://pubmed.ncbi.nlm.nih.gov/32883960/,
Garcia-Melchor 2021,,tendon,,,Homo sapiens,,,,,,,Data available upon request (neal.millar@glasgow.ac.uk),"Garcia-Melchor et al, Ann Rheum Dis, 2021",https://pubmed.ncbi.nlm.nih.gov/33692018/,
Qiu 2020,,,,,Sus domesticus,,,,,,,Couldn't find data availability info,"Qiu et al, Cells, 2020",https://pubmed.ncbi.nlm.nih.gov/32331484/,
